"Series Description","30-Day AA Financial Commercial Paper Interest Rate"
"Unit:","Percent"
"Multiplier:","1"
"Currency:","NA"
"Unique Identifier: ","H15/H15/RIFSPPFAAD30_N.B"
"Time Period","RIFSPPFAAD30_N.B"
1997-01-02,5.35
1997-01-03,5.34
1997-01-06,5.33
1997-01-07,5.31
1997-01-08,5.28
1997-01-09,5.28
1997-01-10,5.31
1997-01-13,5.30
1997-01-14,5.32
1997-01-15,5.30
1997-01-16,5.30
1997-01-17,5.27
1997-01-20,ND
1997-01-21,5.27
1997-01-22,5.28
1997-01-23,5.29
1997-01-24,5.28
1997-01-27,5.30
1997-01-28,5.30
1997-01-29,5.31
1997-01-30,5.31
1997-01-31,5.30
1997-02-03,5.30
1997-02-04,5.29
1997-02-05,5.29
1997-02-06,5.30
1997-02-07,5.26
1997-02-10,5.27
1997-02-11,5.26
1997-02-12,5.26
1997-02-13,5.27
1997-02-14,5.24
1997-02-17,ND
1997-02-18,5.25
1997-02-19,5.25
1997-02-20,5.23
1997-02-21,5.24
1997-02-24,5.24
1997-02-25,5.25
1997-02-26,5.26
1997-02-27,5.26
1997-02-28,5.28
1997-03-03,5.30
1997-03-04,5.31
1997-03-05,5.31
1997-03-06,5.29
1997-03-07,5.27
1997-03-10,5.29
1997-03-11,5.29
1997-03-12,5.30
1997-03-13,5.29
1997-03-14,5.33
1997-03-17,5.33
1997-03-18,5.33
1997-03-19,5.33
1997-03-20,5.35
1997-03-21,5.44
1997-03-24,5.50
1997-03-25,5.52
1997-03-26,5.53
1997-03-27,5.52
1997-03-28,5.54
1997-03-31,5.59
1997-04-01,5.54
1997-04-02,5.54
1997-04-03,5.55
1997-04-04,5.53
1997-04-07,5.52
1997-04-08,5.52
1997-04-09,5.51
1997-04-10,5.49
1997-04-11,5.50
1997-04-14,5.51
1997-04-15,5.52
1997-04-16,5.50
1997-04-17,5.49
1997-04-18,5.49
1997-04-21,5.49
1997-04-22,5.49
1997-04-23,5.48
1997-04-24,5.48
1997-04-25,5.49
1997-04-28,5.50
1997-04-29,5.53
1997-04-30,5.51
1997-05-01,5.50
1997-05-02,5.50
1997-05-05,5.52
1997-05-06,5.52
1997-05-07,5.52
1997-05-08,5.54
1997-05-09,5.53
1997-05-12,5.53
1997-05-13,5.52
1997-05-14,5.53
1997-05-15,5.54
1997-05-16,5.53
1997-05-19,5.55
1997-05-20,5.63
1997-05-21,5.52
1997-05-22,5.51
1997-05-23,5.49
1997-05-26,ND
1997-05-27,5.50
1997-05-28,5.51
1997-05-29,5.51
1997-05-30,5.53
1997-06-02,5.53
1997-06-03,5.52
1997-06-04,5.53
1997-06-05,5.50
1997-06-06,5.50
1997-06-09,5.50
1997-06-10,5.51
1997-06-11,5.51
1997-06-12,5.50
1997-06-13,5.53
1997-06-16,5.53
1997-06-17,5.52
1997-06-18,5.52
1997-06-19,5.51
1997-06-20,5.52
1997-06-23,5.54
1997-06-24,5.54
1997-06-25,5.54
1997-06-26,5.54
1997-06-27,5.55
1997-06-30,5.55
1997-07-01,5.54
1997-07-02,5.55
1997-07-03,5.50
1997-07-04,ND
1997-07-07,5.50
1997-07-08,5.50
1997-07-09,5.50
1997-07-10,5.49
1997-07-11,5.49
1997-07-14,5.48
1997-07-15,5.49
1997-07-16,5.50
1997-07-17,5.49
1997-07-18,5.50
1997-07-21,5.50
1997-07-22,5.49
1997-07-23,5.47
1997-07-24,5.48
1997-07-25,5.48
1997-07-28,5.49
1997-07-29,5.49
1997-07-30,5.49
1997-07-31,5.51
1997-08-01,5.50
1997-08-04,5.51
1997-08-05,5.50
1997-08-06,5.49
1997-08-07,5.50
1997-08-08,5.49
1997-08-11,5.50
1997-08-12,5.51
1997-08-13,5.51
1997-08-14,5.51
1997-08-15,5.50
1997-08-18,5.50
1997-08-19,5.49
1997-08-20,5.48
1997-08-21,5.48
1997-08-22,5.48
1997-08-25,5.46
1997-08-26,5.50
1997-08-27,5.51
1997-08-28,5.51
1997-08-29,5.51
1997-09-01,ND
1997-09-02,5.52
1997-09-03,5.51
1997-09-04,5.50
1997-09-05,5.50
1997-09-08,5.49
1997-09-09,5.50
1997-09-10,5.51
1997-09-11,5.51
1997-09-12,5.49
1997-09-15,5.51
1997-09-16,5.50
1997-09-17,5.50
1997-09-18,5.49
1997-09-19,5.50
1997-09-22,5.51
1997-09-23,5.50
1997-09-24,5.51
1997-09-25,5.51
1997-09-26,5.51
1997-09-29,5.53
1997-09-30,5.53
1997-10-01,5.51
1997-10-02,5.51
1997-10-03,5.50
1997-10-06,5.48
1997-10-07,5.49
1997-10-08,5.48
1997-10-09,5.50
1997-10-10,5.49
1997-10-13,ND
1997-10-14,5.49
1997-10-15,5.50
1997-10-16,5.50
1997-10-17,5.50
1997-10-20,5.50
1997-10-21,5.50
1997-10-22,5.51
1997-10-23,5.51
1997-10-24,5.45
1997-10-27,5.51
1997-10-28,5.52
1997-10-29,5.51
1997-10-30,5.53
1997-10-31,5.53
1997-11-03,5.54
1997-11-04,5.55
1997-11-05,5.53
1997-11-06,5.53
1997-11-07,5.54
1997-11-10,5.54
1997-11-11,ND
1997-11-12,5.55
1997-11-13,5.56
1997-11-14,5.55
1997-11-17,5.55
1997-11-18,5.53
1997-11-19,5.56
1997-11-20,5.55
1997-11-21,5.56
1997-11-24,5.53
1997-11-25,5.53
1997-11-26,5.56
1997-11-27,ND
1997-11-28,5.56
1997-12-01,5.58
1997-12-02,5.77
1997-12-03,5.78
1997-12-04,5.79
1997-12-05,5.79
1997-12-08,5.77
1997-12-09,5.79
1997-12-10,5.78
1997-12-11,5.80
1997-12-12,5.82
1997-12-15,5.80
1997-12-16,5.82
1997-12-17,5.82
1997-12-18,5.83
1997-12-19,5.86
1997-12-22,5.90
1997-12-23,5.93
1997-12-24,5.88
1997-12-25,ND
1997-12-26,5.90
1997-12-29,5.82
1997-12-30,5.64
1997-12-31,5.63
1998-01-01,ND
1998-01-02,5.57
1998-01-05,5.54
1998-01-06,5.52
1998-01-07,5.48
1998-01-08,5.48
1998-01-09,5.45
1998-01-12,5.45
1998-01-13,5.45
1998-01-14,5.46
1998-01-15,5.45
1998-01-16,5.45
1998-01-19,ND
1998-01-20,5.46
1998-01-21,5.47
1998-01-22,5.47
1998-01-23,5.44
1998-01-26,5.47
1998-01-27,5.47
1998-01-28,5.47
1998-01-29,5.50
1998-01-30,5.48
1998-02-02,5.49
1998-02-03,5.50
1998-02-04,5.47
1998-02-05,5.47
1998-02-06,5.47
1998-02-09,5.49
1998-02-10,5.48
1998-02-11,5.48
1998-02-12,5.47
1998-02-13,5.47
1998-02-16,ND
1998-02-17,5.48
1998-02-18,5.49
1998-02-19,5.48
1998-02-20,5.49
1998-02-23,5.48
1998-02-24,5.49
1998-02-25,5.51
1998-02-26,5.52
1998-02-27,5.52
1998-03-02,5.54
1998-03-03,5.55
1998-03-04,5.54
1998-03-05,5.52
1998-03-06,5.53
1998-03-09,5.52
1998-03-10,5.53
1998-03-11,5.53
1998-03-12,5.52
1998-03-13,5.52
1998-03-16,5.51
1998-03-17,5.50
1998-03-18,5.52
1998-03-19,5.53
1998-03-20,5.51
1998-03-23,5.53
1998-03-24,5.52
1998-03-25,5.53
1998-03-26,5.52
1998-03-27,5.54
1998-03-30,5.56
1998-03-31,5.55
1998-04-01,5.54
1998-04-02,5.53
1998-04-03,5.51
1998-04-06,5.50
1998-04-07,5.51
1998-04-08,5.50
1998-04-09,5.50
1998-04-10,5.50
1998-04-13,5.51
1998-04-14,5.50
1998-04-15,5.51
1998-04-16,5.51
1998-04-17,5.51
1998-04-20,5.50
1998-04-21,5.49
1998-04-22,5.50
1998-04-23,5.50
1998-04-24,5.51
1998-04-27,5.51
1998-04-28,5.51
1998-04-29,5.51
1998-04-30,5.50
1998-05-01,5.50
1998-05-04,5.50
1998-05-05,5.51
1998-05-06,5.50
1998-05-07,5.49
1998-05-08,5.49
1998-05-11,5.50
1998-05-12,5.50
1998-05-13,5.51
1998-05-14,5.51
1998-05-15,5.51
1998-05-18,5.51
1998-05-19,5.51
1998-05-20,5.50
1998-05-21,5.50
1998-05-22,5.51
1998-05-25,ND
1998-05-26,5.51
1998-05-27,5.50
1998-05-28,5.51
1998-05-29,5.52
1998-06-01,5.52
1998-06-02,5.52
1998-06-03,5.51
1998-06-04,5.52
1998-06-05,5.50
1998-06-08,5.51
1998-06-09,5.50
1998-06-10,5.51
1998-06-11,5.51
1998-06-12,5.51
1998-06-15,5.55
1998-06-16,5.52
1998-06-17,5.53
1998-06-18,5.51
1998-06-19,5.52
1998-06-22,5.53
1998-06-23,5.54
1998-06-24,5.53
1998-06-25,5.56
1998-06-26,5.56
1998-06-29,5.58
1998-06-30,5.55
1998-07-01,5.54
1998-07-02,5.53
1998-07-03,ND
1998-07-06,5.52
1998-07-07,5.52
1998-07-08,5.53
1998-07-09,5.52
1998-07-10,5.51
1998-07-13,5.51
1998-07-14,5.51
1998-07-15,5.50
1998-07-16,5.51
1998-07-17,5.51
1998-07-20,5.52
1998-07-21,5.52
1998-07-22,5.51
1998-07-23,5.52
1998-07-24,5.52
1998-07-27,5.53
1998-07-28,5.53
1998-07-29,5.54
1998-07-30,5.54
1998-07-31,5.54
1998-08-03,5.53
1998-08-04,5.53
1998-08-05,5.51
1998-08-06,5.52
1998-08-07,5.52
1998-08-10,5.51
1998-08-11,5.50
1998-08-12,5.51
1998-08-13,5.51
1998-08-14,5.50
1998-08-17,5.52
1998-08-18,5.51
1998-08-19,5.52
1998-08-20,5.51
1998-08-21,5.50
1998-08-24,5.51
1998-08-25,5.50
1998-08-26,5.50
1998-08-27,5.50
1998-08-28,5.50
1998-08-31,5.50
1998-09-01,5.50
1998-09-02,5.51
1998-09-03,5.50
1998-09-04,5.50
1998-09-07,ND
1998-09-08,5.50
1998-09-09,5.50
1998-09-10,5.51
1998-09-11,5.49
1998-09-14,5.49
1998-09-15,5.51
1998-09-16,5.50
1998-09-17,5.50
1998-09-18,5.50
1998-09-21,5.51
1998-09-22,5.50
1998-09-23,5.51
1998-09-24,5.43
1998-09-25,5.25
1998-09-28,5.24
1998-09-29,5.20
1998-09-30,5.26
1998-10-01,5.22
1998-10-02,5.24
1998-10-05,5.24
1998-10-06,5.27
1998-10-07,5.31
1998-10-08,5.29
1998-10-09,5.27
1998-10-12,ND
1998-10-13,5.27
1998-10-14,5.28
1998-10-15,5.30
1998-10-16,5.14
1998-10-19,5.08
1998-10-20,5.10
1998-10-21,5.10
1998-10-22,5.10
1998-10-23,5.05
1998-10-26,5.06
1998-10-27,5.08
1998-10-28,5.08
1998-10-29,5.11
1998-10-30,5.10
1998-11-02,5.15
1998-11-03,5.16
1998-11-04,5.16
1998-11-05,5.17
1998-11-06,5.14
1998-11-09,5.14
1998-11-10,5.17
1998-11-11,ND
1998-11-12,5.17
1998-11-13,5.15
1998-11-16,5.18
1998-11-17,5.15
1998-11-18,4.91
1998-11-19,4.89
1998-11-20,4.92
1998-11-23,4.89
1998-11-24,4.89
1998-11-25,4.86
1998-11-26,ND
1998-11-27,4.84
1998-11-30,4.90
1998-12-01,4.88
1998-12-02,5.31
1998-12-03,5.33
1998-12-04,5.26
1998-12-07,5.31
1998-12-08,5.35
1998-12-09,5.32
1998-12-10,5.36
1998-12-11,5.29
1998-12-14,5.32
1998-12-15,5.34
1998-12-16,5.35
1998-12-17,5.37
1998-12-18,5.38
1998-12-21,5.40
1998-12-22,5.43
1998-12-23,5.51
1998-12-24,5.43
1998-12-25,ND
1998-12-28,5.54
1998-12-29,5.47
1998-12-30,5.08
1998-12-31,4.73
1999-01-01,ND
1999-01-04,4.85
1999-01-05,4.89
1999-01-06,4.88
1999-01-07,4.85
1999-01-08,4.80
1999-01-11,4.86
1999-01-12,4.87
1999-01-13,4.85
1999-01-14,4.84
1999-01-15,4.84
1999-01-18,4.84
1999-01-19,4.82
1999-01-20,4.80
1999-01-21,4.80
1999-01-22,4.79
1999-01-25,4.80
1999-01-26,4.80
1999-01-27,4.83
1999-01-28,4.82
1999-01-29,4.80
1999-02-01,4.83
1999-02-02,4.81
1999-02-03,4.79
1999-02-04,4.79
1999-02-05,4.82
1999-02-08,4.81
1999-02-09,4.81
1999-02-10,4.82
1999-02-11,4.82
1999-02-12,4.80
1999-02-15,ND
1999-02-16,4.82
1999-02-17,4.88
1999-02-18,4.80
1999-02-19,4.82
1999-02-22,4.81
1999-02-23,4.82
1999-02-24,4.82
1999-02-25,4.84
1999-02-26,4.84
1999-03-01,4.85
1999-03-02,4.86
1999-03-03,4.83
1999-03-04,4.84
1999-03-05,4.83
1999-03-08,4.85
1999-03-09,4.85
1999-03-10,4.84
1999-03-11,4.84
1999-03-12,4.83
1999-03-15,4.84
1999-03-16,4.83
1999-03-17,4.81
1999-03-18,4.83
1999-03-19,4.83
1999-03-22,4.83
1999-03-23,4.82
1999-03-24,4.83
1999-03-25,4.84
1999-03-26,4.84
1999-03-29,4.84
1999-03-30,4.84
1999-03-31,4.84
1999-04-01,4.85
1999-04-02,4.84
1999-04-05,4.85
1999-04-06,4.82
1999-04-07,4.82
1999-04-08,4.81
1999-04-09,4.80
1999-04-12,4.79
1999-04-13,4.80
1999-04-14,4.80
1999-04-15,4.79
1999-04-16,4.79
1999-04-19,4.79
1999-04-20,4.79
1999-04-21,4.78
1999-04-22,4.79
1999-04-23,4.77
1999-04-26,4.78
1999-04-27,4.79
1999-04-28,4.79
1999-04-29,4.79
1999-04-30,4.80
1999-05-03,4.81
1999-05-04,4.80
1999-05-05,4.79
1999-05-06,4.79
1999-05-07,4.79
1999-05-10,4.80
1999-05-11,4.79
1999-05-12,4.80
1999-05-13,4.78
1999-05-14,4.79
1999-05-17,4.81
1999-05-18,4.82
1999-05-19,4.82
1999-05-20,4.81
1999-05-21,4.81
1999-05-24,4.82
1999-05-25,4.80
1999-05-26,4.81
1999-05-27,4.82
1999-05-28,4.82
1999-05-31,NA
1999-06-01,4.83
1999-06-02,4.85
1999-06-03,4.83
1999-06-04,4.84
1999-06-07,4.85
1999-06-08,4.85
1999-06-09,4.88
1999-06-10,4.88
1999-06-11,4.92
1999-06-14,4.95
1999-06-15,4.98
1999-06-16,4.98
1999-06-17,4.96
1999-06-18,4.96
1999-06-21,4.98
1999-06-22,5.01
1999-06-23,5.03
1999-06-24,5.07
1999-06-25,5.08
1999-06-28,5.14
1999-06-29,5.16
1999-06-30,5.15
1999-07-01,5.09
1999-07-02,5.09
1999-07-05,ND
1999-07-06,5.08
1999-07-07,5.08
1999-07-08,5.07
1999-07-09,5.08
1999-07-12,5.07
1999-07-13,5.07
1999-07-14,5.07
1999-07-15,5.06
1999-07-16,5.08
1999-07-19,5.06
1999-07-20,5.07
1999-07-21,5.05
1999-07-22,5.06
1999-07-23,5.07
1999-07-26,5.08
1999-07-27,5.09
1999-07-28,5.08
1999-07-29,5.09
1999-07-30,5.11
1999-08-02,5.13
1999-08-03,5.12
1999-08-04,5.13
1999-08-05,5.11
1999-08-06,5.14
1999-08-09,5.15
1999-08-10,5.16
1999-08-11,5.16
1999-08-12,5.18
1999-08-13,5.19
1999-08-16,5.17
1999-08-17,5.21
1999-08-18,5.22
1999-08-19,5.21
1999-08-20,5.19
1999-08-23,5.24
1999-08-24,5.25
1999-08-25,5.28
1999-08-26,5.24
1999-08-27,5.27
1999-08-30,5.28
1999-08-31,5.29
1999-09-01,5.28
1999-09-02,5.29
1999-09-03,5.29
1999-09-06,ND
1999-09-07,5.30
1999-09-08,5.30
1999-09-09,5.29
1999-09-10,5.28
1999-09-13,5.29
1999-09-14,5.29
1999-09-15,5.28
1999-09-16,5.28
1999-09-17,5.28
1999-09-20,5.29
1999-09-21,5.30
1999-09-22,5.29
1999-09-23,5.29
1999-09-24,5.29
1999-09-27,5.28
1999-09-28,5.30
1999-09-29,5.31
1999-09-30,5.36
1999-10-01,5.32
1999-10-04,5.31
1999-10-05,5.31
1999-10-06,5.34
1999-10-07,5.30
1999-10-08,5.29
1999-10-11,ND
1999-10-12,5.31
1999-10-13,5.30
1999-10-14,5.29
1999-10-15,5.30
1999-10-18,5.29
1999-10-19,5.29
1999-10-20,5.27
1999-10-21,5.28
1999-10-22,5.25
1999-10-25,5.28
1999-10-26,5.27
1999-10-27,5.28
1999-10-28,5.29
1999-10-29,5.29
1999-11-01,5.29
1999-11-02,5.30
1999-11-03,5.28
1999-11-04,5.29
1999-11-05,5.30
1999-11-08,5.28
1999-11-09,5.29
1999-11-10,5.28
1999-11-11,ND
1999-11-12,5.27
1999-11-15,5.33
1999-11-16,5.38
1999-11-17,5.49
1999-11-18,5.48
1999-11-19,5.48
1999-11-22,5.47
1999-11-23,5.48
1999-11-24,5.48
1999-11-25,ND
1999-11-26,5.48
1999-11-29,5.52
1999-11-30,5.46
1999-12-01,5.51
1999-12-02,5.87
1999-12-03,5.88
1999-12-06,5.91
1999-12-07,5.97
1999-12-08,5.93
1999-12-09,5.97
1999-12-10,5.97
1999-12-13,6.04
1999-12-14,6.16
1999-12-15,6.29
1999-12-16,6.32
1999-12-17,6.33
1999-12-20,6.36
1999-12-21,6.40
1999-12-22,6.38
1999-12-23,6.45
1999-12-24,ND
1999-12-27,6.40
1999-12-28,6.31
1999-12-29,5.58
1999-12-30,5.06
1999-12-31,5.35
2000-01-03,5.59
2000-01-04,5.60
2000-01-05,5.59
2000-01-06,5.58
2000-01-07,5.53
2000-01-10,5.57
2000-01-11,5.61
2000-01-12,5.57
2000-01-13,5.62
2000-01-14,5.56
2000-01-17,ND
2000-01-18,5.65
2000-01-19,5.66
2000-01-20,5.66
2000-01-21,5.63
2000-01-24,5.63
2000-01-25,5.65
2000-01-26,5.65
2000-01-27,5.68
2000-01-28,5.66
2000-01-31,5.73
2000-02-01,5.84
2000-02-02,5.80
2000-02-03,5.80
2000-02-04,5.78
2000-02-07,5.77
2000-02-08,5.77
2000-02-09,5.77
2000-02-10,5.77
2000-02-11,5.75
2000-02-14,5.78
2000-02-15,5.77
2000-02-16,5.77
2000-02-17,5.76
2000-02-18,5.76
2000-02-21,ND
2000-02-22,5.77
2000-02-23,5.76
2000-02-24,5.79
2000-02-25,5.76
2000-02-28,5.78
2000-02-29,5.78
2000-03-01,5.78
2000-03-02,5.81
2000-03-03,5.82
2000-03-06,5.84
2000-03-07,5.84
2000-03-08,5.84
2000-03-09,5.86
2000-03-10,5.86
2000-03-13,5.88
2000-03-14,5.94
2000-03-15,5.94
2000-03-16,5.96
2000-03-17,5.99
2000-03-20,6.01
2000-03-21,6.04
2000-03-22,6.03
2000-03-23,6.01
2000-03-24,6.01
2000-03-27,6.02
2000-03-28,6.02
2000-03-29,6.04
2000-03-30,6.04
2000-03-31,6.05
2000-04-03,6.03
2000-04-04,6.03
2000-04-05,6.02
2000-04-06,6.01
2000-04-07,6.00
2000-04-10,6.02
2000-04-11,6.03
2000-04-12,6.01
2000-04-13,6.02
2000-04-14,6.00
2000-04-17,6.02
2000-04-18,6.02
2000-04-19,6.02
2000-04-20,6.02
2000-04-21,ND
2000-04-24,6.02
2000-04-25,6.04
2000-04-26,6.04
2000-04-27,6.05
2000-04-28,6.12
2000-05-01,6.17
2000-05-02,6.22
2000-05-03,6.25
2000-05-04,6.29
2000-05-05,6.33
2000-05-08,6.35
2000-05-09,6.38
2000-05-10,6.40
2000-05-11,6.40
2000-05-12,6.42
2000-05-15,6.46
2000-05-16,6.50
2000-05-17,6.50
2000-05-18,6.50
2000-05-19,6.49
2000-05-22,6.50
2000-05-23,6.48
2000-05-24,6.49
2000-05-25,6.48
2000-05-26,6.49
2000-05-29,ND
2000-05-30,6.48
2000-05-31,6.51
2000-06-01,6.50
2000-06-02,6.49
2000-06-05,6.53
2000-06-06,6.50
2000-06-07,6.52
2000-06-08,6.49
2000-06-09,6.52
2000-06-12,6.52
2000-06-13,6.51
2000-06-14,6.52
2000-06-15,6.53
2000-06-16,6.52
2000-06-19,6.53
2000-06-20,6.54
2000-06-21,6.54
2000-06-22,6.58
2000-06-23,6.55
2000-06-26,6.57
2000-06-27,6.56
2000-06-28,6.58
2000-06-29,6.54
2000-06-30,6.56
2000-07-03,6.56
2000-07-04,ND
2000-07-05,6.52
2000-07-06,6.53
2000-07-07,6.51
2000-07-10,6.50
2000-07-11,6.50
2000-07-12,6.50
2000-07-13,6.49
2000-07-14,6.49
2000-07-17,6.49
2000-07-18,6.50
2000-07-19,6.50
2000-07-20,6.48
2000-07-21,6.48
2000-07-24,6.48
2000-07-25,6.50
2000-07-26,6.49
2000-07-27,6.50
2000-07-28,6.50
2000-07-31,6.50
2000-08-01,6.50
2000-08-02,6.50
2000-08-03,6.50
2000-08-04,6.49
2000-08-07,6.49
2000-08-08,6.48
2000-08-09,6.48
2000-08-10,6.48
2000-08-11,6.48
2000-08-14,6.50
2000-08-15,6.49
2000-08-16,6.49
2000-08-17,6.48
2000-08-18,6.50
2000-08-21,6.48
2000-08-22,6.48
2000-08-23,6.48
2000-08-24,6.49
2000-08-25,6.46
2000-08-28,6.47
2000-08-29,6.50
2000-08-30,6.50
2000-08-31,6.49
2000-09-01,6.39
2000-09-04,ND
2000-09-05,6.50
2000-09-06,6.50
2000-09-07,6.48
2000-09-08,6.49
2000-09-11,6.50
2000-09-12,6.48
2000-09-13,6.49
2000-09-14,6.50
2000-09-15,6.49
2000-09-18,6.51
2000-09-19,6.50
2000-09-20,6.49
2000-09-21,6.49
2000-09-22,6.49
2000-09-25,6.50
2000-09-26,6.49
2000-09-27,6.50
2000-09-28,6.49
2000-09-29,6.49
2000-10-02,6.52
2000-10-03,6.50
2000-10-04,6.49
2000-10-05,6.49
2000-10-06,6.47
2000-10-09,ND
2000-10-10,6.47
2000-10-11,6.48
2000-10-12,6.46
2000-10-13,6.48
2000-10-16,6.48
2000-10-17,6.48
2000-10-18,6.48
2000-10-19,6.47
2000-10-20,6.48
2000-10-23,6.47
2000-10-24,6.47
2000-10-25,6.48
2000-10-26,6.48
2000-10-27,6.48
2000-10-30,6.48
2000-10-31,6.49
2000-11-01,6.49
2000-11-02,6.49
2000-11-03,6.50
2000-11-06,6.49
2000-11-07,6.49
2000-11-08,6.48
2000-11-09,6.48
2000-11-10,6.47
2000-11-13,6.48
2000-11-14,6.48
2000-11-15,6.50
2000-11-16,6.49
2000-11-17,6.49
2000-11-20,6.49
2000-11-21,6.49
2000-11-22,6.48
2000-11-23,ND
2000-11-24,6.49
2000-11-27,6.47
2000-11-28,6.47
2000-11-29,6.50
2000-11-30,6.49
2000-12-01,6.50
2000-12-04,6.55
2000-12-05,6.57
2000-12-06,6.53
2000-12-07,6.52
2000-12-08,6.54
2000-12-11,6.54
2000-12-12,6.54
2000-12-13,6.55
2000-12-14,6.54
2000-12-15,6.54
2000-12-18,6.58
2000-12-19,6.55
2000-12-20,6.52
2000-12-21,6.51
2000-12-22,6.52
2000-12-25,ND
2000-12-26,6.46
2000-12-27,6.50
2000-12-28,6.49
2000-12-29,6.36
2001-01-01,ND
2001-01-02,6.40
2001-01-03,6.40
2001-01-04,5.89
2001-01-05,5.77
2001-01-08,5.74
2001-01-09,5.76
2001-01-10,5.75
2001-01-11,5.76
2001-01-12,5.78
2001-01-15,ND
2001-01-16,5.80
2001-01-17,5.78
2001-01-18,5.76
2001-01-19,5.76
2001-01-22,5.67
2001-01-23,5.50
2001-01-24,5.59
2001-01-25,5.59
2001-01-26,5.59
2001-01-29,5.54
2001-01-30,5.51
2001-01-31,5.46
2001-02-01,5.45
2001-02-02,5.45
2001-02-05,5.45
2001-02-06,5.45
2001-02-07,5.46
2001-02-08,5.45
2001-02-09,5.42
2001-02-12,5.43
2001-02-13,5.46
2001-02-14,5.45
2001-02-15,5.46
2001-02-16,5.47
2001-02-19,ND
2001-02-20,5.47
2001-02-21,5.47
2001-02-22,5.45
2001-02-23,5.44
2001-02-26,5.26
2001-02-27,5.18
2001-02-28,5.11
2001-03-01,5.29
2001-03-02,5.24
2001-03-05,5.23
2001-03-06,5.20
2001-03-07,5.23
2001-03-08,5.22
2001-03-09,5.13
2001-03-12,5.18
2001-03-13,5.10
2001-03-14,5.04
2001-03-15,4.98
2001-03-16,4.88
2001-03-19,4.91
2001-03-20,4.82
2001-03-21,4.95
2001-03-22,4.93
2001-03-23,4.94
2001-03-26,4.93
2001-03-27,4.98
2001-03-28,5.01
2001-03-29,5.02
2001-03-30,5.01
2001-04-02,4.94
2001-04-03,4.96
2001-04-04,4.94
2001-04-05,4.97
2001-04-06,4.94
2001-04-09,4.91
2001-04-10,4.92
2001-04-11,4.95
2001-04-12,4.95
2001-04-13,ND
2001-04-16,4.94
2001-04-17,4.96
2001-04-18,4.98
2001-04-19,4.49
2001-04-20,4.46
2001-04-23,4.44
2001-04-24,4.37
2001-04-25,4.39
2001-04-26,4.43
2001-04-27,4.42
2001-04-30,4.36
2001-05-01,4.38
2001-05-02,4.26
2001-05-03,4.37
2001-05-04,4.20
2001-05-07,4.11
2001-05-08,4.13
2001-05-09,4.07
2001-05-10,4.11
2001-05-11,4.05
2001-05-14,4.06
2001-05-15,4.04
2001-05-16,3.99
2001-05-17,4.00
2001-05-18,4.00
2001-05-21,4.00
2001-05-22,4.01
2001-05-23,4.00
2001-05-24,3.99
2001-05-25,3.99
2001-05-28,ND
2001-05-29,4.01
2001-05-30,3.99
2001-05-31,4.00
2001-06-01,3.97
2001-06-04,3.97
2001-06-05,3.97
2001-06-06,3.95
2001-06-07,3.93
2001-06-08,3.91
2001-06-11,3.93
2001-06-12,3.92
2001-06-13,3.88
2001-06-14,3.89
2001-06-15,3.87
2001-06-18,3.79
2001-06-19,3.79
2001-06-20,3.79
2001-06-21,3.76
2001-06-22,3.73
2001-06-25,3.72
2001-06-26,3.67
2001-06-27,3.67
2001-06-28,3.76
2001-06-29,3.80
2001-07-02,3.77
2001-07-03,3.76
2001-07-04,ND
2001-07-05,3.76
2001-07-06,3.74
2001-07-09,3.73
2001-07-10,3.73
2001-07-11,3.73
2001-07-12,3.72
2001-07-13,3.73
2001-07-16,3.74
2001-07-17,3.73
2001-07-18,3.72
2001-07-19,3.71
2001-07-20,3.72
2001-07-23,3.74
2001-07-24,3.73
2001-07-25,3.72
2001-07-26,3.72
2001-07-27,3.72
2001-07-30,3.72
2001-07-31,3.72
2001-08-01,3.70
2001-08-02,3.71
2001-08-03,3.69
2001-08-06,3.65
2001-08-07,3.63
2001-08-08,3.63
2001-08-09,3.61
2001-08-10,3.60
2001-08-13,3.58
2001-08-14,3.59
2001-08-15,3.58
2001-08-16,3.56
2001-08-17,3.53
2001-08-20,3.51
2001-08-21,3.49
2001-08-22,3.49
2001-08-23,3.49
2001-08-24,3.49
2001-08-27,3.48
2001-08-28,3.51
2001-08-29,3.50
2001-08-30,3.51
2001-08-31,3.51
2001-09-03,ND
2001-09-04,3.51
2001-09-05,3.52
2001-09-06,3.50
2001-09-07,3.50
2001-09-10,3.44
2001-09-11,ND
2001-09-12,ND
2001-09-13,ND
2001-09-14,3.45
2001-09-17,3.03
2001-09-18,2.95
2001-09-19,2.54
2001-09-20,2.43
2001-09-21,2.47
2001-09-24,2.60
2001-09-25,2.64
2001-09-26,2.64
2001-09-27,2.66
2001-09-28,2.56
2001-10-01,2.56
2001-10-02,2.54
2001-10-03,2.50
2001-10-04,2.50
2001-10-05,2.51
2001-10-08,ND
2001-10-09,2.49
2001-10-10,2.47
2001-10-11,2.48
2001-10-12,2.47
2001-10-15,2.45
2001-10-16,2.46
2001-10-17,2.43
2001-10-18,2.42
2001-10-19,2.39
2001-10-22,2.37
2001-10-23,2.38
2001-10-24,2.34
2001-10-25,2.28
2001-10-26,2.31
2001-10-29,2.31
2001-10-30,2.27
2001-10-31,2.23
2001-11-01,2.22
2001-11-02,2.16
2001-11-05,2.18
2001-11-06,2.09
2001-11-07,2.02
2001-11-08,2.02
2001-11-09,2.00
2001-11-12,ND
2001-11-13,1.99
2001-11-14,1.98
2001-11-15,2.02
2001-11-16,2.03
2001-11-19,2.06
2001-11-20,2.04
2001-11-21,2.04
2001-11-22,ND
2001-11-23,2.03
2001-11-26,2.00
2001-11-27,2.02
2001-11-28,1.98
2001-11-29,1.98
2001-11-30,1.95
2001-12-03,1.95
2001-12-04,1.89
2001-12-05,1.88
2001-12-06,1.91
2001-12-07,1.80
2001-12-10,1.78
2001-12-11,1.77
2001-12-12,1.76
2001-12-13,1.76
2001-12-14,1.80
2001-12-17,1.82
2001-12-18,1.83
2001-12-19,1.85
2001-12-20,1.85
2001-12-21,1.84
2001-12-24,1.85
2001-12-25,ND
2001-12-26,1.85
2001-12-27,1.86
2001-12-28,1.84
2001-12-31,1.77
2002-01-01,ND
2002-01-02,1.75
2002-01-03,1.78
2002-01-04,1.76
2002-01-07,1.76
2002-01-08,1.74
2002-01-09,1.72
2002-01-10,1.72
2002-01-11,1.70
2002-01-14,1.64
2002-01-15,1.64
2002-01-16,1.64
2002-01-17,1.63
2002-01-18,1.64
2002-01-21,ND
2002-01-22,1.66
2002-01-23,1.72
2002-01-24,1.72
2002-01-25,1.74
2002-01-28,1.77
2002-01-29,1.77
2002-01-30,1.76
2002-01-31,1.76
2002-02-01,1.77
2002-02-04,1.78
2002-02-05,1.76
2002-02-06,1.77
2002-02-07,1.76
2002-02-08,1.76
2002-02-11,1.77
2002-02-12,1.75
2002-02-13,1.76
2002-02-14,1.77
2002-02-15,1.76
2002-02-18,ND
2002-02-19,1.77
2002-02-20,1.77
2002-02-21,1.77
2002-02-22,1.78
2002-02-25,1.76
2002-02-26,1.77
2002-02-27,1.77
2002-02-28,1.75
2002-03-01,1.78
2002-03-04,1.80
2002-03-05,1.80
2002-03-06,1.79
2002-03-07,1.78
2002-03-08,1.79
2002-03-11,1.81
2002-03-12,1.81
2002-03-13,1.81
2002-03-14,1.81
2002-03-15,1.80
2002-03-18,1.80
2002-03-19,1.80
2002-03-20,1.80
2002-03-21,1.79
2002-03-22,1.81
2002-03-25,1.81
2002-03-26,1.81
2002-03-27,1.80
2002-03-28,1.79
2002-03-29,1.76
2002-04-01,1.79
2002-04-02,1.80
2002-04-03,1.79
2002-04-04,1.79
2002-04-05,1.77
2002-04-08,1.78
2002-04-09,1.77
2002-04-10,1.77
2002-04-11,1.77
2002-04-12,1.76
2002-04-15,1.76
2002-04-16,1.77
2002-04-17,1.76
2002-04-18,1.75
2002-04-19,1.74
2002-04-22,1.76
2002-04-23,1.75
2002-04-24,1.75
2002-04-25,1.74
2002-04-26,1.74
2002-04-29,1.76
2002-04-30,1.75
2002-05-01,1.76
2002-05-02,1.75
2002-05-03,1.76
2002-05-06,1.75
2002-05-07,1.75
2002-05-08,1.75
2002-05-09,1.76
2002-05-10,1.75
2002-05-13,1.77
2002-05-14,1.75
2002-05-15,1.77
2002-05-16,1.77
2002-05-17,1.76
2002-05-20,1.77
2002-05-21,1.76
2002-05-22,1.75
2002-05-23,1.76
2002-05-24,1.77
2002-05-27,ND
2002-05-28,1.77
2002-05-29,1.77
2002-05-30,1.75
2002-05-31,1.76
2002-06-03,1.76
2002-06-04,1.76
2002-06-05,1.74
2002-06-06,1.75
2002-06-07,1.75
2002-06-10,1.77
2002-06-11,1.75
2002-06-12,1.75
2002-06-13,1.75
2002-06-14,1.75
2002-06-17,1.75
2002-06-18,1.75
2002-06-19,1.75
2002-06-20,1.75
2002-06-21,1.75
2002-06-24,1.75
2002-06-25,1.76
2002-06-26,1.75
2002-06-27,1.75
2002-06-28,1.74
2002-07-01,1.74
2002-07-02,1.75
2002-07-03,1.74
2002-07-04,ND
2002-07-05,1.75
2002-07-08,1.75
2002-07-09,1.74
2002-07-10,1.74
2002-07-11,1.74
2002-07-12,1.74
2002-07-15,1.74
2002-07-16,1.74
2002-07-17,1.74
2002-07-18,1.75
2002-07-19,1.74
2002-07-22,1.75
2002-07-23,1.75
2002-07-24,1.74
2002-07-25,1.74
2002-07-26,1.73
2002-07-29,1.75
2002-07-30,1.75
2002-07-31,1.75
2002-08-01,1.74
2002-08-02,1.73
2002-08-05,1.71
2002-08-06,1.70
2002-08-07,1.71
2002-08-08,1.69
2002-08-09,1.70
2002-08-12,1.70
2002-08-13,1.70
2002-08-14,1.70
2002-08-15,1.72
2002-08-16,1.71
2002-08-19,1.71
2002-08-20,1.73
2002-08-21,1.72
2002-08-22,1.73
2002-08-23,1.73
2002-08-26,1.74
2002-08-27,1.75
2002-08-28,1.74
2002-08-29,1.76
2002-08-30,1.75
2002-09-02,ND
2002-09-03,1.74
2002-09-04,1.74
2002-09-05,1.73
2002-09-06,1.74
2002-09-09,1.73
2002-09-10,1.74
2002-09-11,1.74
2002-09-12,1.74
2002-09-13,1.74
2002-09-16,1.73
2002-09-17,1.75
2002-09-18,1.75
2002-09-19,1.74
2002-09-20,1.74
2002-09-23,1.74
2002-09-24,1.74
2002-09-25,1.75
2002-09-26,1.74
2002-09-27,1.76
2002-09-30,1.75
2002-10-01,1.74
2002-10-02,1.73
2002-10-03,1.72
2002-10-04,1.74
2002-10-07,1.73
2002-10-08,1.72
2002-10-09,1.72
2002-10-10,1.72
2002-10-11,1.73
2002-10-14,ND
2002-10-15,1.72
2002-10-16,1.75
2002-10-17,1.74
2002-10-18,1.75
2002-10-21,1.74
2002-10-22,1.75
2002-10-23,1.74
2002-10-24,1.74
2002-10-25,1.75
2002-10-28,1.76
2002-10-29,1.74
2002-10-30,1.68
2002-10-31,1.65
2002-11-01,1.61
2002-11-04,1.56
2002-11-05,1.53
2002-11-06,1.53
2002-11-07,1.30
2002-11-08,1.29
2002-11-11,ND
2002-11-12,1.32
2002-11-13,1.28
2002-11-14,1.28
2002-11-15,1.30
2002-11-18,1.29
2002-11-19,1.28
2002-11-20,1.27
2002-11-21,1.29
2002-11-22,1.28
2002-11-25,1.26
2002-11-26,1.27
2002-11-27,1.27
2002-11-28,ND
2002-11-29,1.20
2002-12-02,1.32
2002-12-03,1.30
2002-12-04,1.32
2002-12-05,1.32
2002-12-06,1.32
2002-12-09,1.34
2002-12-10,1.32
2002-12-11,1.32
2002-12-12,1.31
2002-12-13,1.31
2002-12-16,1.31
2002-12-17,1.31
2002-12-18,1.30
2002-12-19,1.30
2002-12-20,1.30
2002-12-23,1.30
2002-12-24,1.31
2002-12-25,ND
2002-12-26,1.31
2002-12-27,1.30
2002-12-30,1.31
2002-12-31,1.28
2003-01-01,ND
2003-01-02,1.27
2003-01-03,1.26
2003-01-06,1.27
2003-01-07,1.27
2003-01-08,1.26
2003-01-09,1.27
2003-01-10,1.26
2003-01-13,1.26
2003-01-14,1.26
2003-01-15,1.25
2003-01-16,1.25
2003-01-17,1.25
2003-01-20,ND
2003-01-21,1.26
2003-01-22,1.26
2003-01-23,1.25
2003-01-24,1.24
2003-01-27,1.25
2003-01-28,1.23
2003-01-29,1.25
2003-01-30,1.25
2003-01-31,1.25
2003-02-03,1.25
2003-02-04,1.25
2003-02-05,1.26
2003-02-06,1.25
2003-02-07,1.25
2003-02-10,1.25
2003-02-11,1.24
2003-02-12,1.24
2003-02-13,1.24
2003-02-14,1.25
2003-02-17,ND
2003-02-18,1.24
2003-02-19,1.25
2003-02-20,1.24
2003-02-21,1.25
2003-02-24,1.25
2003-02-25,1.25
2003-02-26,1.25
2003-02-27,1.25
2003-02-28,1.25
2003-03-03,1.24
2003-03-04,1.25
2003-03-05,1.24
2003-03-06,1.25
2003-03-07,1.24
2003-03-10,1.21
2003-03-11,1.20
2003-03-12,1.18
2003-03-13,1.21
2003-03-14,1.23
2003-03-17,1.22
2003-03-18,1.21
2003-03-19,1.24
2003-03-20,1.24
2003-03-21,1.23
2003-03-24,1.21
2003-03-25,1.24
2003-03-26,1.24
2003-03-27,1.25
2003-03-28,1.25
2003-03-31,1.25
2003-04-01,1.23
2003-04-02,1.24
2003-04-03,1.22
2003-04-04,1.22
2003-04-07,1.23
2003-04-08,1.24
2003-04-09,1.23
2003-04-10,1.23
2003-04-11,1.23
2003-04-14,1.23
2003-04-15,1.24
2003-04-16,1.24
2003-04-17,1.24
2003-04-18,1.25
2003-04-21,1.24
2003-04-22,1.24
2003-04-23,1.24
2003-04-24,1.24
2003-04-25,1.24
2003-04-28,1.25
2003-04-29,1.25
2003-04-30,1.25
2003-05-01,1.23
2003-05-02,1.24
2003-05-05,1.24
2003-05-06,1.23
2003-05-07,1.24
2003-05-08,1.24
2003-05-09,1.23
2003-05-12,1.23
2003-05-13,1.24
2003-05-14,1.24
2003-05-15,1.24
2003-05-16,1.24
2003-05-19,1.24
2003-05-20,1.24
2003-05-21,1.21
2003-05-22,1.24
2003-05-23,1.23
2003-05-26,ND
2003-05-27,1.24
2003-05-28,1.24
2003-05-29,1.25
2003-05-30,1.23
2003-06-02,1.23
2003-06-03,1.25
2003-06-04,1.23
2003-06-05,1.21
2003-06-06,1.19
2003-06-09,1.18
2003-06-10,1.17
2003-06-11,1.13
2003-06-12,1.10
2003-06-13,1.07
2003-06-16,1.03
2003-06-17,1.03
2003-06-18,1.03
2003-06-19,0.98
2003-06-20,0.97
2003-06-23,0.96
2003-06-24,0.95
2003-06-25,0.92
2003-06-26,1.03
2003-06-27,1.03
2003-06-30,1.03
2003-07-01,1.03
2003-07-02,1.03
2003-07-03,1.03
2003-07-04,ND
2003-07-07,1.02
2003-07-08,1.03
2003-07-09,1.03
2003-07-10,1.02
2003-07-11,1.02
2003-07-14,1.01
2003-07-15,1.02
2003-07-16,1.01
2003-07-17,1.02
2003-07-18,1.01
2003-07-21,1.03
2003-07-22,1.01
2003-07-23,1.02
2003-07-24,1.02
2003-07-25,1.02
2003-07-28,1.03
2003-07-29,1.03
2003-07-30,1.04
2003-07-31,1.05
2003-08-01,1.04
2003-08-04,1.04
2003-08-05,1.04
2003-08-06,1.04
2003-08-07,1.04
2003-08-08,1.04
2003-08-11,1.02
2003-08-12,1.04
2003-08-13,1.04
2003-08-14,1.04
2003-08-15,1.04
2003-08-18,1.05
2003-08-19,1.06
2003-08-20,1.04
2003-08-21,1.03
2003-08-22,1.05
2003-08-25,1.04
2003-08-26,1.04
2003-08-27,1.04
2003-08-28,1.03
2003-08-29,1.03
2003-09-01,ND
2003-09-02,1.04
2003-09-03,1.05
2003-09-04,1.06
2003-09-05,1.04
2003-09-08,1.05
2003-09-09,1.05
2003-09-10,1.04
2003-09-11,1.04
2003-09-12,1.04
2003-09-15,1.04
2003-09-16,1.04
2003-09-17,1.04
2003-09-18,1.03
2003-09-19,1.03
2003-09-22,1.03
2003-09-23,1.03
2003-09-24,1.03
2003-09-25,1.04
2003-09-26,1.03
2003-09-29,1.03
2003-09-30,1.03
2003-10-01,1.03
2003-10-02,1.02
2003-10-03,1.03
2003-10-06,1.03
2003-10-07,1.02
2003-10-08,1.03
2003-10-09,1.03
2003-10-10,1.01
2003-10-13,ND
2003-10-14,1.04
2003-10-15,1.03
2003-10-16,1.03
2003-10-17,1.03
2003-10-20,1.04
2003-10-21,1.03
2003-10-22,1.03
2003-10-23,1.03
2003-10-24,1.03
2003-10-27,1.03
2003-10-28,1.03
2003-10-29,1.03
2003-10-30,1.03
2003-10-31,1.02
2003-11-03,1.04
2003-11-04,1.04
2003-11-05,1.03
2003-11-06,1.02
2003-11-07,1.03
2003-11-10,1.04
2003-11-11,ND
2003-11-12,1.04
2003-11-13,1.02
2003-11-14,1.03
2003-11-17,1.02
2003-11-18,1.03
2003-11-19,1.03
2003-11-20,1.03
2003-11-21,1.03
2003-11-24,1.01
2003-11-25,1.02
2003-11-26,1.02
2003-11-27,ND
2003-11-28,1.02
2003-12-01,1.03
2003-12-02,1.02
2003-12-03,1.05
2003-12-04,1.04
2003-12-05,1.04
2003-12-08,1.06
2003-12-09,1.06
2003-12-10,1.07
2003-12-11,1.06
2003-12-12,1.07
2003-12-15,1.06
2003-12-16,1.06
2003-12-17,1.06
2003-12-18,1.06
2003-12-19,1.06
2003-12-22,1.06
2003-12-23,1.06
2003-12-24,1.06
2003-12-25,ND
2003-12-26,1.04
2003-12-29,1.04
2003-12-30,1.03
2003-12-31,1.00
2004-01-01,ND
2004-01-02,1.01
2004-01-05,1.02
2004-01-06,1.02
2004-01-07,1.01
2004-01-08,1.02
2004-01-09,1.02
2004-01-12,1.01
2004-01-13,1.00
2004-01-14,1.01
2004-01-15,1.01
2004-01-16,1.01
2004-01-19,ND
2004-01-20,1.01
2004-01-21,1.00
2004-01-22,1.01
2004-01-23,1.01
2004-01-26,1.00
2004-01-27,1.02
2004-01-28,1.01
2004-01-29,1.01
2004-01-30,1.00
2004-02-02,1.01
2004-02-03,1.00
2004-02-04,1.01
2004-02-05,1.01
2004-02-06,1.00
2004-02-09,1.01
2004-02-10,1.02
2004-02-11,1.01
2004-02-12,1.00
2004-02-13,1.01
2004-02-16,ND
2004-02-17,1.01
2004-02-18,1.01
2004-02-19,1.01
2004-02-20,1.00
2004-02-23,1.02
2004-02-24,1.01
2004-02-25,1.01
2004-02-26,1.00
2004-02-27,1.00
2004-03-01,1.01
2004-03-02,1.01
2004-03-03,1.01
2004-03-04,1.01
2004-03-05,1.00
2004-03-08,1.02
2004-03-09,1.01
2004-03-10,1.02
2004-03-11,1.01
2004-03-12,1.01
2004-03-15,1.01
2004-03-16,1.01
2004-03-17,1.02
2004-03-18,1.01
2004-03-19,1.01
2004-03-22,1.02
2004-03-23,1.01
2004-03-24,1.02
2004-03-25,1.01
2004-03-26,1.01
2004-03-29,1.03
2004-03-30,1.02
2004-03-31,1.02
2004-04-01,1.01
2004-04-02,1.02
2004-04-05,1.01
2004-04-06,1.02
2004-04-07,1.03
2004-04-08,1.01
2004-04-09,1.00
2004-04-12,1.02
2004-04-13,1.03
2004-04-14,1.02
2004-04-15,1.03
2004-04-16,1.02
2004-04-19,1.02
2004-04-20,1.02
2004-04-21,1.02
2004-04-22,1.01
2004-04-23,1.01
2004-04-26,1.02
2004-04-27,1.03
2004-04-28,1.02
2004-04-29,1.01
2004-04-30,1.01
2004-05-03,1.02
2004-05-04,1.02
2004-05-05,1.02
2004-05-06,1.02
2004-05-07,1.02
2004-05-10,1.03
2004-05-11,1.02
2004-05-12,1.01
2004-05-13,1.01
2004-05-14,1.02
2004-05-17,1.03
2004-05-18,1.02
2004-05-19,1.03
2004-05-20,1.03
2004-05-21,1.02
2004-05-24,1.02
2004-05-25,1.03
2004-05-26,1.02
2004-05-27,1.04
2004-05-28,1.02
2004-05-31,ND
2004-06-01,1.03
2004-06-02,1.03
2004-06-03,1.04
2004-06-04,1.04
2004-06-07,1.08
2004-06-08,1.07
2004-06-09,1.08
2004-06-10,1.08
2004-06-11,1.07
2004-06-14,1.16
2004-06-15,1.18
2004-06-16,1.16
2004-06-17,1.15
2004-06-18,1.17
2004-06-21,1.21
2004-06-22,1.18
2004-06-23,1.23
2004-06-24,1.22
2004-06-25,1.25
2004-06-28,1.28
2004-06-29,1.31
2004-06-30,1.31
2004-07-01,1.28
2004-07-02,1.28
2004-07-05,ND
2004-07-06,1.27
2004-07-07,1.26
2004-07-08,1.27
2004-07-09,1.26
2004-07-12,1.30
2004-07-13,1.31
2004-07-14,1.30
2004-07-15,1.30
2004-07-16,1.30
2004-07-19,1.32
2004-07-20,1.30
2004-07-21,1.33
2004-07-22,1.34
2004-07-23,1.33
2004-07-26,1.36
2004-07-27,1.36
2004-07-28,1.38
2004-07-29,1.41
2004-07-30,1.40
2004-08-02,1.41
2004-08-03,1.43
2004-08-04,1.45
2004-08-05,1.47
2004-08-06,1.46
2004-08-09,1.50
2004-08-10,1.50
2004-08-11,1.51
2004-08-12,1.50
2004-08-13,1.50
2004-08-16,1.50
2004-08-17,1.50
2004-08-18,1.49
2004-08-19,1.50
2004-08-20,1.49
2004-08-23,1.50
2004-08-24,1.50
2004-08-25,1.52
2004-08-26,1.53
2004-08-27,1.54
2004-08-30,1.54
2004-08-31,1.54
2004-09-01,1.56
2004-09-02,1.56
2004-09-03,1.56
2004-09-06,ND
2004-09-07,1.62
2004-09-08,1.64
2004-09-09,1.66
2004-09-10,1.65
2004-09-13,1.67
2004-09-14,1.68
2004-09-15,1.69
2004-09-16,1.73
2004-09-17,1.72
2004-09-20,1.74
2004-09-21,1.75
2004-09-22,1.76
2004-09-23,1.76
2004-09-24,1.75
2004-09-27,1.75
2004-09-28,1.74
2004-09-29,1.77
2004-09-30,1.77
2004-10-01,1.76
2004-10-04,1.75
2004-10-05,1.75
2004-10-06,1.77
2004-10-07,1.75
2004-10-08,1.74
2004-10-11,ND
2004-10-12,1.79
2004-10-13,1.77
2004-10-14,1.78
2004-10-15,1.78
2004-10-18,1.80
2004-10-19,1.80
2004-10-20,1.81
2004-10-21,1.81
2004-10-22,1.82
2004-10-25,1.85
2004-10-26,1.85
2004-10-27,1.87
2004-10-28,1.89
2004-10-29,1.89
2004-11-01,1.91
2004-11-02,1.93
2004-11-03,1.93
2004-11-04,1.96
2004-11-05,1.95
2004-11-08,1.98
2004-11-09,2.01
2004-11-10,2.04
2004-11-11,ND
2004-11-12,2.02
2004-11-15,2.03
2004-11-16,2.03
2004-11-17,2.04
2004-11-18,2.03
2004-11-19,2.05
2004-11-22,2.06
2004-11-23,2.07
2004-11-24,2.08
2004-11-25,ND
2004-11-26,2.10
2004-11-29,2.15
2004-11-30,2.13
2004-12-01,2.14
2004-12-02,2.14
2004-12-03,2.17
2004-12-06,2.19
2004-12-07,2.20
2004-12-08,2.24
2004-12-09,2.26
2004-12-10,2.28
2004-12-13,2.29
2004-12-14,2.30
2004-12-15,2.31
2004-12-16,2.32
2004-12-17,2.30
2004-12-20,2.32
2004-12-21,2.33
2004-12-22,2.32
2004-12-23,2.29
2004-12-24,2.25
2004-12-27,2.27
2004-12-28,2.32
2004-12-29,2.30
2004-12-30,2.26
2004-12-31,2.29
2005-01-03,2.27
2005-01-04,2.28
2005-01-05,2.29
2005-01-06,2.27
2005-01-07,2.30
2005-01-10,2.32
2005-01-11,2.31
2005-01-12,2.32
2005-01-13,2.31
2005-01-14,2.33
2005-01-17,ND
2005-01-18,2.38
2005-01-19,2.39
2005-01-20,2.39
2005-01-21,2.41
2005-01-24,2.42
2005-01-25,2.42
2005-01-26,2.44
2005-01-27,2.46
2005-01-28,2.48
2005-01-31,2.52
2005-02-01,2.51
2005-02-02,2.53
2005-02-03,2.51
2005-02-04,2.51
2005-02-07,2.52
2005-02-08,2.53
2005-02-09,2.53
2005-02-10,2.51
2005-02-11,2.50
2005-02-14,2.50
2005-02-15,2.50
2005-02-16,2.50
2005-02-17,2.49
2005-02-18,2.49
2005-02-21,ND
2005-02-22,2.53
2005-02-23,2.52
2005-02-24,2.53
2005-02-25,2.55
2005-02-28,2.55
2005-03-01,2.60
2005-03-02,2.60
2005-03-03,2.62
2005-03-04,2.62
2005-03-07,2.66
2005-03-08,2.66
2005-03-09,2.67
2005-03-10,2.67
2005-03-11,2.69
2005-03-14,2.71
2005-03-15,2.72
2005-03-16,2.74
2005-03-17,2.75
2005-03-18,2.74
2005-03-21,2.78
2005-03-22,2.77
2005-03-23,2.78
2005-03-24,2.76
2005-03-25,2.73
2005-03-28,2.77
2005-03-29,2.79
2005-03-30,2.78
2005-03-31,2.79
2005-04-01,2.78
2005-04-04,2.79
2005-04-05,2.78
2005-04-06,2.80
2005-04-07,2.80
2005-04-08,2.80
2005-04-11,2.83
2005-04-12,2.83
2005-04-13,2.85
2005-04-14,2.84
2005-04-15,2.85
2005-04-18,2.90
2005-04-19,2.88
2005-04-20,2.91
2005-04-21,2.90
2005-04-22,2.93
2005-04-25,2.94
2005-04-26,2.97
2005-04-27,2.98
2005-04-28,2.98
2005-04-29,2.97
2005-05-02,3.00
2005-05-03,3.01
2005-05-04,3.00
2005-05-05,3.01
2005-05-06,3.00
2005-05-09,2.99
2005-05-10,3.00
2005-05-11,2.99
2005-05-12,3.00
2005-05-13,3.00
2005-05-16,2.99
2005-05-17,3.01
2005-05-18,3.01
2005-05-19,3.00
2005-05-20,2.98
2005-05-23,3.01
2005-05-24,2.99
2005-05-25,3.00
2005-05-26,2.99
2005-05-27,3.02
2005-05-30,ND
2005-05-31,3.02
2005-06-01,3.05
2005-06-02,3.04
2005-06-03,3.05
2005-06-06,3.06
2005-06-07,3.04
2005-06-08,3.08
2005-06-09,3.09
2005-06-10,3.08
2005-06-13,3.13
2005-06-14,3.13
2005-06-15,3.13
2005-06-16,3.15
2005-06-17,3.18
2005-06-20,3.20
2005-06-21,3.21
2005-06-22,3.22
2005-06-23,3.19
2005-06-24,3.23
2005-06-27,3.27
2005-06-28,3.26
2005-06-29,3.22
2005-06-30,3.25
2005-07-01,3.24
2005-07-04,ND
2005-07-05,3.25
2005-07-06,3.26
2005-07-07,3.25
2005-07-08,3.25
2005-07-11,3.27
2005-07-12,3.27
2005-07-13,3.29
2005-07-14,3.28
2005-07-15,3.26
2005-07-18,3.31
2005-07-19,3.33
2005-07-20,3.34
2005-07-21,3.33
2005-07-22,3.35
2005-07-25,3.38
2005-07-26,3.38
2005-07-27,3.39
2005-07-28,3.39
2005-07-29,3.41
2005-08-01,3.42
2005-08-02,3.43
2005-08-03,3.45
2005-08-04,3.45
2005-08-05,3.46
2005-08-08,3.49
2005-08-09,3.51
2005-08-10,3.50
2005-08-11,3.50
2005-08-12,3.49
2005-08-15,3.49
2005-08-16,3.49
2005-08-17,3.49
2005-08-18,3.49
2005-08-19,3.49
2005-08-22,3.52
2005-08-23,3.52
2005-08-24,3.55
2005-08-25,3.54
2005-08-26,3.55
2005-08-29,3.58
2005-08-30,3.57
2005-08-31,3.57
2005-09-01,3.57
2005-09-02,3.57
2005-09-05,ND
2005-09-06,3.60
2005-09-07,3.60
2005-09-08,3.61
2005-09-09,3.62
2005-09-12,3.63
2005-09-13,3.65
2005-09-14,3.69
2005-09-15,3.68
2005-09-16,3.69
2005-09-19,3.74
2005-09-20,3.73
2005-09-21,3.75
2005-09-22,3.74
2005-09-23,3.73
2005-09-26,3.74
2005-09-27,3.75
2005-09-28,3.77
2005-09-29,3.79
2005-09-30,3.76
2005-10-03,3.78
2005-10-04,3.78
2005-10-05,3.77
2005-10-06,3.79
2005-10-07,3.80
2005-10-10,ND
2005-10-11,3.82
2005-10-12,3.83
2005-10-13,3.84
2005-10-14,3.85
2005-10-17,3.88
2005-10-18,3.89
2005-10-19,3.90
2005-10-20,3.90
2005-10-21,3.91
2005-10-24,3.94
2005-10-25,3.95
2005-10-26,3.98
2005-10-27,3.96
2005-10-28,4.00
2005-10-31,4.01
2005-11-01,4.01
2005-11-02,4.00
2005-11-03,4.01
2005-11-04,4.00
2005-11-07,3.99
2005-11-08,4.00
2005-11-09,3.99
2005-11-10,3.99
2005-11-11,ND
2005-11-14,4.02
2005-11-15,4.02
2005-11-16,4.03
2005-11-17,4.03
2005-11-18,4.04
2005-11-21,4.06
2005-11-22,4.07
2005-11-23,4.09
2005-11-24,ND
2005-11-25,4.07
2005-11-28,4.10
2005-11-29,4.13
2005-11-30,4.15
2005-12-01,4.12
2005-12-02,4.17
2005-12-05,4.24
2005-12-06,4.22
2005-12-07,4.23
2005-12-08,4.24
2005-12-09,4.25
2005-12-12,4.26
2005-12-13,4.27
2005-12-14,4.27
2005-12-15,4.25
2005-12-16,4.26
2005-12-19,4.29
2005-12-20,4.27
2005-12-21,4.25
2005-12-22,4.29
2005-12-23,4.27
2005-12-26,ND
2005-12-27,4.26
2005-12-28,4.27
2005-12-29,4.28
2005-12-30,4.23
2006-01-02,ND
2006-01-03,4.29
2006-01-04,4.29
2006-01-05,4.28
2006-01-06,4.28
2006-01-09,4.30
2006-01-10,4.29
2006-01-11,4.28
2006-01-12,4.34
2006-01-13,4.36
2006-01-16,ND
2006-01-17,4.37
2006-01-18,4.38
2006-01-19,4.39
2006-01-20,4.39
2006-01-23,4.45
2006-01-24,4.43
2006-01-25,4.45
2006-01-26,4.47
2006-01-27,4.47
2006-01-30,4.47
2006-01-31,4.51
2006-02-01,4.48
2006-02-02,4.50
2006-02-03,4.49
2006-02-06,4.49
2006-02-07,4.50
2006-02-08,4.50
2006-02-09,4.49
2006-02-10,4.49
2006-02-13,4.49
2006-02-14,4.49
2006-02-15,4.50
2006-02-16,4.49
2006-02-17,4.51
2006-02-20,ND
2006-02-21,4.51
2006-02-22,4.52
2006-02-23,4.50
2006-02-24,4.49
2006-02-27,4.49
2006-02-28,4.52
2006-03-01,4.53
2006-03-02,4.57
2006-03-03,4.55
2006-03-06,4.57
2006-03-07,4.59
2006-03-08,4.59
2006-03-09,4.59
2006-03-10,4.59
2006-03-13,4.63
2006-03-14,4.66
2006-03-15,4.63
2006-03-16,4.67
2006-03-17,4.67
2006-03-20,4.69
2006-03-21,4.73
2006-03-22,4.72
2006-03-23,4.73
2006-03-24,4.73
2006-03-27,4.76
2006-03-28,4.74
2006-03-29,4.74
2006-03-30,4.74
2006-03-31,4.75
2006-04-03,4.75
2006-04-04,4.77
2006-04-05,4.73
2006-04-06,4.77
2006-04-07,4.76
2006-04-10,4.75
2006-04-11,4.76
2006-04-12,4.79
2006-04-13,4.79
2006-04-14,ND
2006-04-17,4.81
2006-04-18,4.80
2006-04-19,4.83
2006-04-20,4.86
2006-04-21,4.82
2006-04-24,4.86
2006-04-25,4.89
2006-04-26,4.89
2006-04-27,4.88
2006-04-28,4.91
2006-05-01,4.94
2006-05-02,4.96
2006-05-03,4.97
2006-05-04,4.97
2006-05-05,4.98
2006-05-08,5.00
2006-05-09,4.98
2006-05-10,5.01
2006-05-11,5.00
2006-05-12,5.00
2006-05-15,5.00
2006-05-16,5.00
2006-05-17,5.00
2006-05-18,4.98
2006-05-19,4.97
2006-05-22,5.00
2006-05-23,4.99
2006-05-24,4.99
2006-05-25,4.99
2006-05-26,4.99
2006-05-29,ND
2006-05-30,5.01
2006-05-31,4.99
2006-06-01,5.01
2006-06-02,5.03
2006-06-05,5.04
2006-06-06,5.07
2006-06-07,5.06
2006-06-08,5.08
2006-06-09,5.08
2006-06-12,5.11
2006-06-13,5.12
2006-06-14,5.12
2006-06-15,5.14
2006-06-16,5.16
2006-06-19,5.19
2006-06-20,5.22
2006-06-21,5.25
2006-06-22,5.24
2006-06-23,5.24
2006-06-26,5.27
2006-06-27,5.28
2006-06-28,5.26
2006-06-29,5.27
2006-06-30,5.25
2006-07-03,5.25
2006-07-04,ND
2006-07-05,5.26
2006-07-06,5.27
2006-07-07,5.26
2006-07-10,5.26
2006-07-11,5.27
2006-07-12,5.26
2006-07-13,5.27
2006-07-14,5.25
2006-07-17,5.29
2006-07-18,5.30
2006-07-19,5.31
2006-07-20,5.29
2006-07-21,5.26
2006-07-24,5.29
2006-07-25,5.31
2006-07-26,5.29
2006-07-27,5.30
2006-07-28,5.31
2006-07-31,5.31
2006-08-01,5.31
2006-08-02,5.32
2006-08-03,5.29
2006-08-04,5.27
2006-08-07,5.29
2006-08-08,5.28
2006-08-09,5.26
2006-08-10,5.25
2006-08-11,5.25
2006-08-14,5.25
2006-08-15,5.24
2006-08-16,5.24
2006-08-17,5.24
2006-08-18,5.24
2006-08-21,5.24
2006-08-22,5.23
2006-08-23,5.25
2006-08-24,5.23
2006-08-25,5.24
2006-08-28,5.24
2006-08-29,5.23
2006-08-30,5.24
2006-08-31,5.24
2006-09-01,5.24
2006-09-04,ND
2006-09-05,5.25
2006-09-06,5.24
2006-09-07,5.25
2006-09-08,5.23
2006-09-11,5.25
2006-09-12,5.26
2006-09-13,5.25
2006-09-14,5.24
2006-09-15,5.25
2006-09-18,5.25
2006-09-19,5.25
2006-09-20,5.25
2006-09-21,5.24
2006-09-22,5.24
2006-09-25,5.22
2006-09-26,5.22
2006-09-27,5.24
2006-09-28,5.23
2006-09-29,5.24
2006-10-02,5.23
2006-10-03,5.24
2006-10-04,5.24
2006-10-05,5.23
2006-10-06,5.22
2006-10-09,ND
2006-10-10,5.23
2006-10-11,5.23
2006-10-12,5.23
2006-10-13,5.23
2006-10-16,5.23
2006-10-17,5.24
2006-10-18,5.24
2006-10-19,5.25
2006-10-20,5.24
2006-10-23,5.23
2006-10-24,5.25
2006-10-25,5.23
2006-10-26,5.23
2006-10-27,5.22
2006-10-30,5.24
2006-10-31,5.23
2006-11-01,5.22
2006-11-02,5.24
2006-11-03,5.23
2006-11-06,5.21
2006-11-07,5.23
2006-11-08,5.25
2006-11-09,5.24
2006-11-10,5.23
2006-11-13,5.24
2006-11-14,5.24
2006-11-15,5.24
2006-11-16,5.25
2006-11-17,5.23
2006-11-20,5.24
2006-11-21,5.25
2006-11-22,5.23
2006-11-23,ND
2006-11-24,5.21
2006-11-27,5.23
2006-11-28,5.22
2006-11-29,5.23
2006-11-30,5.24
2006-12-01,5.23
2006-12-04,5.22
2006-12-05,5.25
2006-12-06,5.24
2006-12-07,5.25
2006-12-08,5.23
2006-12-11,5.25
2006-12-12,5.28
2006-12-13,5.25
2006-12-14,5.27
2006-12-15,5.25
2006-12-18,5.27
2006-12-19,5.27
2006-12-20,5.26
2006-12-21,5.29
2006-12-22,5.27
2006-12-25,ND
2006-12-26,5.25
2006-12-27,5.26
2006-12-28,5.26
2006-12-29,5.23
2007-01-01,ND
2007-01-02,5.26
2007-01-03,5.24
2007-01-04,5.24
2007-01-05,5.25
2007-01-08,5.25
2007-01-09,5.25
2007-01-10,5.25
2007-01-11,5.25
2007-01-12,5.24
2007-01-15,ND
2007-01-16,5.25
2007-01-17,5.24
2007-01-18,5.25
2007-01-19,5.25
2007-01-22,5.24
2007-01-23,5.24
2007-01-24,5.24
2007-01-25,5.25
2007-01-26,5.25
2007-01-29,5.24
2007-01-30,5.25
2007-01-31,5.24
2007-02-01,5.24
2007-02-02,5.24
2007-02-05,5.24
2007-02-06,5.24
2007-02-07,5.24
2007-02-08,5.24
2007-02-09,5.24
2007-02-12,5.23
2007-02-13,5.25
2007-02-14,5.27
2007-02-15,5.23
2007-02-16,5.24
2007-02-19,ND
2007-02-20,5.25
2007-02-21,5.25
2007-02-22,5.24
2007-02-23,5.24
2007-02-26,5.24
2007-02-27,5.28
2007-02-28,5.23
2007-03-01,5.24
2007-03-02,5.23
2007-03-05,5.25
2007-03-06,5.23
2007-03-07,5.24
2007-03-08,5.24
2007-03-09,5.24
2007-03-12,5.24
2007-03-13,5.25
2007-03-14,5.25
2007-03-15,5.25
2007-03-16,5.24
2007-03-19,5.24
2007-03-20,5.24
2007-03-21,5.24
2007-03-22,5.24
2007-03-23,5.25
2007-03-26,5.24
2007-03-27,5.23
2007-03-28,5.25
2007-03-29,5.25
2007-03-30,5.23
2007-04-02,5.24
2007-04-03,5.24
2007-04-04,5.24
2007-04-05,5.24
2007-04-06,5.23
2007-04-09,5.24
2007-04-10,5.26
2007-04-11,5.25
2007-04-12,5.27
2007-04-13,5.25
2007-04-16,5.24
2007-04-17,5.25
2007-04-18,5.24
2007-04-19,5.24
2007-04-20,5.25
2007-04-23,5.24
2007-04-24,5.25
2007-04-25,5.25
2007-04-26,5.23
2007-04-27,5.24
2007-04-30,5.24
2007-05-01,5.24
2007-05-02,5.24
2007-05-03,5.23
2007-05-04,5.24
2007-05-07,5.24
2007-05-08,5.25
2007-05-09,5.25
2007-05-10,5.24
2007-05-11,5.23
2007-05-14,5.24
2007-05-15,5.24
2007-05-16,5.23
2007-05-17,5.25
2007-05-18,5.24
2007-05-21,5.23
2007-05-22,5.24
2007-05-23,5.24
2007-05-24,5.23
2007-05-25,5.23
2007-05-28,ND
2007-05-29,5.24
2007-05-30,5.24
2007-05-31,5.23
2007-06-01,5.24
2007-06-04,5.24
2007-06-05,5.24
2007-06-06,5.25
2007-06-07,5.24
2007-06-08,5.24
2007-06-11,5.25
2007-06-12,5.25
2007-06-13,5.26
2007-06-14,5.26
2007-06-15,5.27
2007-06-18,5.24
2007-06-19,5.25
2007-06-20,5.25
2007-06-21,5.25
2007-06-22,5.24
2007-06-25,5.26
2007-06-26,5.30
2007-06-27,5.25
2007-06-28,5.25
2007-06-29,5.26
2007-07-02,5.25
2007-07-03,5.25
2007-07-04,ND
2007-07-05,5.24
2007-07-06,5.25
2007-07-09,5.25
2007-07-10,5.26
2007-07-11,5.23
2007-07-12,5.24
2007-07-13,5.23
2007-07-16,5.25
2007-07-17,5.25
2007-07-18,5.25
2007-07-19,5.24
2007-07-20,5.26
2007-07-23,5.25
2007-07-24,5.26
2007-07-25,5.25
2007-07-26,5.23
2007-07-27,5.26
2007-07-30,5.25
2007-07-31,5.26
2007-08-01,5.26
2007-08-02,5.26
2007-08-03,5.26
2007-08-06,5.26
2007-08-07,5.28
2007-08-08,5.27
2007-08-09,5.31
2007-08-10,5.30
2007-08-13,5.26
2007-08-14,5.25
2007-08-15,5.26
2007-08-16,5.27
2007-08-17,5.27
2007-08-20,5.26
2007-08-21,5.24
2007-08-22,5.29
2007-08-23,5.24
2007-08-24,5.33
2007-08-27,5.26
2007-08-28,5.29
2007-08-29,5.29
2007-08-30,5.24
2007-08-31,5.28
2007-09-03,ND
2007-09-04,5.28
2007-09-05,5.42
2007-09-06,5.28
2007-09-07,5.23
2007-09-10,5.27
2007-09-11,5.31
2007-09-12,5.17
2007-09-13,5.24
2007-09-14,5.16
2007-09-17,5.23
2007-09-18,5.02
2007-09-19,4.72
2007-09-20,4.76
2007-09-21,4.76
2007-09-24,4.79
2007-09-25,4.75
2007-09-26,4.82
2007-09-27,4.89
2007-09-28,4.75
2007-10-01,4.77
2007-10-02,4.79
2007-10-03,4.78
2007-10-04,4.80
2007-10-05,4.89
2007-10-08,ND
2007-10-09,4.82
2007-10-10,4.85
2007-10-11,4.99
2007-10-12,4.83
2007-10-15,4.86
2007-10-16,4.83
2007-10-17,4.83
2007-10-18,4.76
2007-10-19,4.80
2007-10-22,4.73
2007-10-23,4.72
2007-10-24,4.71
2007-10-25,4.71
2007-10-26,4.61
2007-10-29,4.60
2007-10-30,4.56
2007-10-31,4.53
2007-11-01,4.52
2007-11-02,4.51
2007-11-05,4.51
2007-11-06,4.53
2007-11-07,4.50
2007-11-08,4.55
2007-11-09,4.47
2007-11-12,ND
2007-11-13,4.48
2007-11-14,4.52
2007-11-15,4.54
2007-11-16,4.49
2007-11-19,4.50
2007-11-20,4.54
2007-11-21,4.55
2007-11-22,ND
2007-11-23,4.48
2007-11-26,4.47
2007-11-27,4.49
2007-11-28,4.53
2007-11-29,4.60
2007-11-30,4.47
2007-12-03,4.50
2007-12-04,4.97
2007-12-05,4.49
2007-12-06,4.86
2007-12-07,5.02
2007-12-10,4.36
2007-12-11,4.39
2007-12-12,4.62
2007-12-13,4.37
2007-12-14,4.36
2007-12-17,4.31
2007-12-18,4.33
2007-12-19,4.35
2007-12-20,4.36
2007-12-21,4.46
2007-12-24,4.54
2007-12-25,ND
2007-12-26,4.64
2007-12-27,4.72
2007-12-28,4.25
2007-12-31,4.22
2008-01-01,ND
2008-01-02,4.23
2008-01-03,4.26
2008-01-04,4.23
2008-01-07,4.22
2008-01-08,4.22
2008-01-09,4.16
2008-01-10,4.16
2008-01-11,4.10
2008-01-14,3.99
2008-01-15,3.92
2008-01-16,3.86
2008-01-17,3.87
2008-01-18,3.85
2008-01-21,ND
2008-01-22,3.51
2008-01-23,3.10
2008-01-24,3.11
2008-01-25,3.11
2008-01-28,3.08
2008-01-29,3.08
2008-01-30,3.00
2008-01-31,2.95
2008-02-01,2.99
2008-02-04,3.08
2008-02-05,3.07
2008-02-06,3.03
2008-02-07,2.98
2008-02-08,2.98
2008-02-11,3.01
2008-02-12,2.99
2008-02-13,3.01
2008-02-14,3.03
2008-02-15,3.09
2008-02-18,ND
2008-02-19,3.05
2008-02-20,2.99
2008-02-21,3.03
2008-02-22,3.00
2008-02-25,2.95
2008-02-26,2.92
2008-02-27,2.93
2008-02-28,2.92
2008-02-29,2.91
2008-03-03,2.80
2008-03-04,2.86
2008-03-05,2.97
2008-03-06,2.90
2008-03-07,2.83
2008-03-10,2.81
2008-03-11,2.79
2008-03-12,2.69
2008-03-13,2.61
2008-03-14,2.59
2008-03-17,2.41
2008-03-18,2.40
2008-03-19,2.35
2008-03-20,2.44
2008-03-21,2.40
2008-03-24,2.41
2008-03-25,2.60
2008-03-26,2.36
2008-03-27,2.68
2008-03-28,2.57
2008-03-31,2.40
2008-04-01,2.44
2008-04-02,2.60
2008-04-03,2.57
2008-04-04,2.53
2008-04-07,2.41
2008-04-08,2.41
2008-04-09,2.66
2008-04-10,2.52
2008-04-11,2.50
2008-04-14,2.59
2008-04-15,2.55
2008-04-16,2.64
2008-04-17,2.50
2008-04-18,2.42
2008-04-21,2.87
2008-04-22,2.59
2008-04-23,2.74
2008-04-24,2.77
2008-04-25,2.42
2008-04-28,2.56
2008-04-29,2.50
2008-04-30,2.63
2008-05-01,2.49
2008-05-02,2.55
2008-05-05,2.45
2008-05-06,2.30
2008-05-07,2.17
2008-05-08,2.37
2008-05-09,2.44
2008-05-12,2.23
2008-05-13,2.34
2008-05-14,2.34
2008-05-15,2.21
2008-05-16,2.26
2008-05-19,2.26
2008-05-20,2.14
2008-05-21,2.15
2008-05-22,2.17
2008-05-23,2.21
2008-05-26,ND
2008-05-27,2.15
2008-05-28,2.20
2008-05-29,2.21
2008-05-30,2.22
2008-06-02,2.30
2008-06-03,2.30
2008-06-04,2.32
2008-06-05,2.32
2008-06-06,2.27
2008-06-09,2.30
2008-06-10,2.40
2008-06-11,2.40
2008-06-12,2.39
2008-06-13,2.20
2008-06-16,2.43
2008-06-17,2.40
2008-06-18,2.28
2008-06-19,2.36
2008-06-20,2.38
2008-06-23,2.33
2008-06-24,2.36
2008-06-25,2.33
2008-06-26,2.37
2008-06-27,2.41
2008-06-30,2.37
2008-07-01,2.32
2008-07-02,2.30
2008-07-03,2.32
2008-07-04,ND
2008-07-07,2.34
2008-07-08,2.34
2008-07-09,2.42
2008-07-10,2.38
2008-07-11,2.29
2008-07-14,2.36
2008-07-15,2.25
2008-07-16,2.23
2008-07-17,2.40
2008-07-18,2.35
2008-07-21,2.35
2008-07-22,2.44
2008-07-23,2.38
2008-07-24,2.32
2008-07-25,2.31
2008-07-28,2.37
2008-07-29,2.35
2008-07-30,2.38
2008-07-31,2.36
2008-08-01,2.34
2008-08-04,2.41
2008-08-05,2.36
2008-08-06,2.37
2008-08-07,2.39
2008-08-08,2.34
2008-08-11,2.37
2008-08-12,2.33
2008-08-13,2.40
2008-08-14,2.43
2008-08-15,2.46
2008-08-18,2.39
2008-08-19,2.41
2008-08-20,2.37
2008-08-21,2.41
2008-08-22,2.37
2008-08-25,2.41
2008-08-26,2.38
2008-08-27,2.39
2008-08-28,2.42
2008-08-29,2.45
2008-09-01,ND
2008-09-02,2.35
2008-09-03,2.47
2008-09-04,2.43
2008-09-05,2.41
2008-09-08,2.45
2008-09-09,2.44
2008-09-10,2.33
2008-09-11,2.30
2008-09-12,2.39
2008-09-15,2.47
2008-09-16,2.51
2008-09-17,2.55
2008-09-18,2.63
2008-09-19,3.02
2008-09-22,3.38
2008-09-23,3.04
2008-09-24,3.30
2008-09-25,3.14
2008-09-26,3.14
2008-09-29,2.27
2008-09-30,3.53
2008-10-01,3.63
2008-10-02,3.12
2008-10-03,2.85
2008-10-06,2.80
2008-10-07,2.86
2008-10-08,2.75
2008-10-09,4.01
2008-10-10,2.73
2008-10-13,ND
2008-10-14,3.08
2008-10-15,2.33
2008-10-16,2.66
2008-10-17,2.22
2008-10-20,2.49
2008-10-21,2.59
2008-10-22,2.79
2008-10-23,2.38
2008-10-24,3.15
2008-10-27,2.80
2008-10-28,2.71
2008-10-29,2.72
2008-10-30,2.04
2008-10-31,2.32
2008-11-03,1.37
2008-11-04,ND
2008-11-05,1.53
2008-11-06,1.00
2008-11-07,ND
2008-11-10,0.90
2008-11-11,ND
2008-11-12,1.13
2008-11-13,1.34
2008-11-14,1.37
2008-11-17,1.34
2008-11-18,1.36
2008-11-19,1.35
2008-11-20,1.34
2008-11-21,1.46
2008-11-24,1.42
2008-11-25,1.45
2008-11-26,1.31
2008-11-27,ND
2008-11-28,0.91
2008-12-01,1.60
2008-12-02,1.56
2008-12-03,1.23
2008-12-04,1.23
2008-12-05,0.64
2008-12-08,0.55
2008-12-09,0.79
2008-12-10,0.34
2008-12-11,0.41
2008-12-12,0.55
2008-12-15,0.53
2008-12-16,0.67
2008-12-17,0.32
2008-12-18,0.35
2008-12-19,0.31
2008-12-22,0.31
2008-12-23,0.27
2008-12-24,0.32
2008-12-25,ND
2008-12-26,0.25
2008-12-29,0.33
2008-12-30,0.34
2008-12-31,0.35
2009-01-01,ND
2009-01-02,0.38
2009-01-05,0.26
2009-01-06,0.30
2009-01-07,0.25
2009-01-08,0.25
2009-01-09,0.29
2009-01-12,0.30
2009-01-13,0.30
2009-01-14,0.37
2009-01-15,0.25
2009-01-16,0.30
2009-01-19,ND
2009-01-20,0.32
2009-01-21,0.40
2009-01-22,0.43
2009-01-23,0.52
2009-01-26,0.47
2009-01-27,0.29
2009-01-28,0.31
2009-01-29,0.40
2009-01-30,0.37
2009-02-02,0.50
2009-02-03,0.37
2009-02-04,0.44
2009-02-05,0.46
2009-02-06,0.34
2009-02-09,0.42
2009-02-10,0.35
2009-02-11,0.50
2009-02-12,0.40
2009-02-13,0.55
2009-02-16,ND
2009-02-17,0.41
2009-02-18,0.60
2009-02-19,0.43
2009-02-20,0.44
2009-02-23,0.35
2009-02-24,0.41
2009-02-25,0.50
2009-02-26,0.43
2009-02-27,0.65
2009-03-02,0.48
2009-03-03,0.44
2009-03-04,0.30
2009-03-05,0.49
2009-03-06,0.35
2009-03-09,0.42
2009-03-10,0.41
2009-03-11,0.52
2009-03-12,0.40
2009-03-13,0.33
2009-03-16,0.25
2009-03-17,0.44
2009-03-18,0.39
2009-03-19,0.48
2009-03-20,0.43
2009-03-23,0.38
2009-03-24,0.45
2009-03-25,0.51
2009-03-26,0.27
2009-03-27,0.24
2009-03-30,0.37
2009-03-31,0.36
2009-04-01,0.48
2009-04-02,0.57
2009-04-03,0.45
2009-04-06,0.43
2009-04-07,0.40
2009-04-08,0.30
2009-04-09,0.34
2009-04-10,ND
2009-04-13,0.28
2009-04-14,0.30
2009-04-15,0.44
2009-04-16,0.30
2009-04-17,0.30
2009-04-20,0.33
2009-04-21,0.29
2009-04-22,0.31
2009-04-23,0.30
2009-04-24,0.35
2009-04-27,0.30
2009-04-28,0.31
2009-04-29,0.30
2009-04-30,0.28
2009-05-01,0.51
2009-05-04,0.30
2009-05-05,0.32
2009-05-06,0.30
2009-05-07,0.29
2009-05-08,0.29
2009-05-11,0.30
2009-05-12,0.33
2009-05-13,0.28
2009-05-14,0.28
2009-05-15,0.25
2009-05-18,0.27
2009-05-19,0.29
2009-05-20,0.25
2009-05-21,0.29
2009-05-22,0.25
2009-05-25,ND
2009-05-26,0.28
2009-05-27,0.25
2009-05-28,0.26
2009-05-29,0.25
2009-06-01,0.25
2009-06-02,0.26
2009-06-03,0.26
2009-06-04,0.24
2009-06-05,0.25
2009-06-08,0.25
2009-06-09,0.28
2009-06-10,0.27
2009-06-11,0.26
2009-06-12,0.25
2009-06-15,0.22
2009-06-16,0.30
2009-06-17,0.26
2009-06-18,0.26
2009-06-19,0.27
2009-06-22,0.30
2009-06-23,0.30
2009-06-24,0.28
2009-06-25,0.30
2009-06-26,0.28
2009-06-29,0.26
2009-06-30,0.25
2009-07-01,0.26
2009-07-02,0.26
2009-07-03,ND
2009-07-06,0.24
2009-07-07,0.25
2009-07-08,0.24
2009-07-09,0.24
2009-07-10,0.25
2009-07-13,0.23
2009-07-14,0.25
2009-07-15,0.23
2009-07-16,0.23
2009-07-17,0.22
2009-07-20,0.23
2009-07-21,0.23
2009-07-22,0.20
2009-07-23,0.22
2009-07-24,0.23
2009-07-27,0.21
2009-07-28,0.24
2009-07-29,0.21
2009-07-30,0.21
2009-07-31,0.20
2009-08-03,0.24
2009-08-04,0.22
2009-08-05,0.22
2009-08-06,0.22
2009-08-07,0.22
2009-08-10,0.22
2009-08-11,0.22
2009-08-12,0.22
2009-08-13,0.23
2009-08-14,0.22
2009-08-17,0.21
2009-08-18,0.20
2009-08-19,0.22
2009-08-20,0.22
2009-08-21,0.21
2009-08-24,0.21
2009-08-25,0.20
2009-08-26,0.21
2009-08-27,0.20
2009-08-28,0.20
2009-08-31,0.20
2009-09-01,0.19
2009-09-02,0.22
2009-09-03,0.19
2009-09-04,0.19
2009-09-07,ND
2009-09-08,0.22
2009-09-09,0.18
2009-09-10,0.18
2009-09-11,0.18
2009-09-14,0.17
2009-09-15,0.19
2009-09-16,0.18
2009-09-17,0.18
2009-09-18,0.18
2009-09-21,0.18
2009-09-22,0.18
2009-09-23,0.19
2009-09-24,0.17
2009-09-25,0.16
2009-09-28,0.15
2009-09-29,0.20
2009-09-30,0.13
2009-10-01,0.18
2009-10-02,0.17
2009-10-05,0.18
2009-10-06,0.17
2009-10-07,0.16
2009-10-08,0.18
2009-10-09,0.18
2009-10-12,ND
2009-10-13,0.16
2009-10-14,0.15
2009-10-15,0.16
2009-10-16,0.16
2009-10-19,0.17
2009-10-20,0.16
2009-10-21,0.17
2009-10-22,0.16
2009-10-23,0.16
2009-10-26,0.16
2009-10-27,0.16
2009-10-28,0.17
2009-10-29,0.19
2009-10-30,0.15
2009-11-02,0.17
2009-11-03,0.16
2009-11-04,0.17
2009-11-05,0.18
2009-11-06,0.18
2009-11-09,0.16
2009-11-10,0.16
2009-11-11,ND
2009-11-12,0.14
2009-11-13,0.14
2009-11-16,0.15
2009-11-17,0.15
2009-11-18,0.15
2009-11-19,0.13
2009-11-20,0.15
2009-11-23,0.15
2009-11-24,0.14
2009-11-25,0.15
2009-11-26,ND
2009-11-27,0.15
2009-11-30,0.15
2009-12-01,0.15
2009-12-02,0.13
2009-12-03,0.16
2009-12-04,0.16
2009-12-07,0.16
2009-12-08,0.13
2009-12-09,0.14
2009-12-10,0.15
2009-12-11,0.14
2009-12-14,0.14
2009-12-15,0.13
2009-12-16,0.16
2009-12-17,0.12
2009-12-18,0.12
2009-12-21,0.17
2009-12-22,0.12
2009-12-23,0.12
2009-12-24,0.10
2009-12-25,ND
2009-12-28,0.13
2009-12-29,0.14
2009-12-30,0.11
2009-12-31,0.03
2010-01-01,ND
2010-01-04,0.13
2010-01-05,0.15
2010-01-06,0.11
2010-01-07,0.10
2010-01-08,0.11
2010-01-11,0.10
2010-01-12,0.10
2010-01-13,0.10
2010-01-14,0.10
2010-01-15,0.12
2010-01-18,ND
2010-01-19,0.10
2010-01-20,0.11
2010-01-21,0.11
2010-01-22,0.11
2010-01-25,0.13
2010-01-26,0.14
2010-01-27,0.12
2010-01-28,0.13
2010-01-29,0.10
2010-02-01,0.15
2010-02-02,0.15
2010-02-03,0.16
2010-02-04,0.15
2010-02-05,0.15
2010-02-08,0.15
2010-02-09,0.16
2010-02-10,0.17
2010-02-11,0.13
2010-02-12,0.14
2010-02-15,ND
2010-02-16,0.15
2010-02-17,0.13
2010-02-18,0.13
2010-02-19,0.18
2010-02-22,0.13
2010-02-23,0.14
2010-02-24,0.14
2010-02-25,0.15
2010-02-26,0.21
2010-03-01,0.13
2010-03-02,0.17
2010-03-03,0.23
2010-03-04,0.27
2010-03-05,0.26
2010-03-08,0.23
2010-03-09,0.25
2010-03-10,0.26
2010-03-11,0.22
2010-03-12,0.18
2010-03-15,0.21
2010-03-16,0.17
2010-03-17,0.18
2010-03-18,0.20
2010-03-19,0.22
2010-03-22,0.19
2010-03-23,0.19
2010-03-24,0.18
2010-03-25,0.18
2010-03-26,0.18
2010-03-29,0.19
2010-03-30,0.16
2010-03-31,0.14
2010-04-01,0.18
2010-04-02,0.15
2010-04-05,0.18
2010-04-06,0.19
2010-04-07,0.19
2010-04-08,0.20
2010-04-09,0.22
2010-04-12,0.23
2010-04-13,0.22
2010-04-14,0.23
2010-04-15,0.23
2010-04-16,0.20
2010-04-19,0.23
2010-04-20,0.23
2010-04-21,0.23
2010-04-22,0.23
2010-04-23,0.21
2010-04-26,0.24
2010-04-27,0.24
2010-04-28,0.24
2010-04-29,0.22
2010-04-30,0.22
2010-05-03,0.23
2010-05-04,0.22
2010-05-05,0.23
2010-05-06,0.24
2010-05-07,0.31
2010-05-10,0.23
2010-05-11,0.29
2010-05-12,0.24
2010-05-13,0.26
2010-05-14,0.26
2010-05-17,0.24
2010-05-18,0.26
2010-05-19,0.26
2010-05-20,0.26
2010-05-21,0.27
2010-05-24,0.26
2010-05-25,0.29
2010-05-26,0.28
2010-05-27,0.31
2010-05-28,0.28
2010-05-31,ND
2010-06-01,0.27
2010-06-02,0.26
2010-06-03,0.26
2010-06-04,0.26
2010-06-07,0.27
2010-06-08,0.26
2010-06-09,0.27
2010-06-10,0.27
2010-06-11,0.25
2010-06-14,0.28
2010-06-15,0.27
2010-06-16,0.25
2010-06-17,0.24
2010-06-18,0.23
2010-06-21,0.21
2010-06-22,0.17
2010-06-23,0.24
2010-06-24,0.18
2010-06-25,0.22
2010-06-28,0.21
2010-06-29,0.18
2010-06-30,0.19
2010-07-01,0.24
2010-07-02,0.25
2010-07-05,ND
2010-07-06,0.24
2010-07-07,0.23
2010-07-08,0.27
2010-07-09,0.25
2010-07-12,0.24
2010-07-13,0.26
2010-07-14,0.22
2010-07-15,0.26
2010-07-16,0.26
2010-07-19,0.24
2010-07-20,0.25
2010-07-21,0.24
2010-07-22,0.19
2010-07-23,0.22
2010-07-26,0.24
2010-07-27,0.15
2010-07-28,0.23
2010-07-29,0.18
2010-07-30,0.21
2010-08-02,0.24
2010-08-03,0.21
2010-08-04,0.21
2010-08-05,0.21
2010-08-06,0.24
2010-08-09,0.23
2010-08-10,0.23
2010-08-11,0.21
2010-08-12,0.18
2010-08-13,0.22
2010-08-16,0.23
2010-08-17,0.23
2010-08-18,0.21
2010-08-19,0.19
2010-08-20,0.18
2010-08-23,0.20
2010-08-24,0.16
2010-08-25,0.21
2010-08-26,0.21
2010-08-27,0.21
2010-08-30,0.18
2010-08-31,0.20
2010-09-01,0.20
2010-09-02,0.20
2010-09-03,0.19
2010-09-06,ND
2010-09-07,0.20
2010-09-08,0.22
2010-09-09,0.19
2010-09-10,0.21
2010-09-13,0.23
2010-09-14,0.20
2010-09-15,0.19
2010-09-16,0.19
2010-09-17,0.21
2010-09-20,0.20
2010-09-21,0.19
2010-09-22,0.13
2010-09-23,0.17
2010-09-24,0.19
2010-09-27,0.19
2010-09-28,0.19
2010-09-29,0.22
2010-09-30,0.20
2010-10-01,0.19
2010-10-04,0.20
2010-10-05,0.18
2010-10-06,0.21
2010-10-07,0.21
2010-10-08,0.21
2010-10-11,ND
2010-10-12,0.21
2010-10-13,0.22
2010-10-14,0.21
2010-10-15,0.20
2010-10-18,0.21
2010-10-19,0.19
2010-10-20,0.20
2010-10-21,0.20
2010-10-22,0.20
2010-10-25,0.19
2010-10-26,0.22
2010-10-27,0.20
2010-10-28,0.20
2010-10-29,0.20
2010-11-01,0.20
2010-11-02,0.22
2010-11-03,0.20
2010-11-04,0.21
2010-11-05,0.20
2010-11-08,0.21
2010-11-09,0.22
2010-11-10,0.21
2010-11-11,ND
2010-11-12,0.20
2010-11-15,0.21
2010-11-16,0.22
2010-11-17,0.25
2010-11-18,0.21
2010-11-19,0.22
2010-11-22,0.21
2010-11-23,0.21
2010-11-24,0.22
2010-11-25,ND
2010-11-26,0.20
2010-11-29,0.21
2010-11-30,0.21
2010-12-01,0.21
2010-12-02,0.24
2010-12-03,0.20
2010-12-06,0.22
2010-12-07,0.17
2010-12-08,0.23
2010-12-09,0.21
2010-12-10,0.21
2010-12-13,0.16
2010-12-14,0.15
2010-12-15,0.21
2010-12-16,0.16
2010-12-17,0.18
2010-12-20,0.20
2010-12-21,0.24
2010-12-22,0.12
2010-12-23,0.24
2010-12-24,ND
2010-12-27,0.17
2010-12-28,0.19
2010-12-29,0.14
2010-12-30,ND
2010-12-31,0.19
2011-01-03,0.24
2011-01-04,0.23
2011-01-05,0.22
2011-01-06,0.22
2011-01-07,0.21
2011-01-10,0.21
2011-01-11,0.19
2011-01-12,0.21
2011-01-13,0.18
2011-01-14,0.19
2011-01-17,ND
2011-01-18,0.22
2011-01-19,0.21
2011-01-20,0.21
2011-01-21,0.19
2011-01-24,0.21
2011-01-25,0.21
2011-01-26,0.20
2011-01-27,0.20
2011-01-28,0.20
2011-01-31,0.19
2011-02-01,0.19
2011-02-02,0.22
2011-02-03,0.21
2011-02-04,0.15
2011-02-07,0.20
2011-02-08,0.22
2011-02-09,0.22
2011-02-10,0.22
2011-02-11,0.22
2011-02-14,0.21
2011-02-15,0.20
2011-02-16,0.20
2011-02-17,0.19
2011-02-18,0.20
2011-02-21,ND
2011-02-22,0.19
2011-02-23,0.19
2011-02-24,0.18
2011-02-25,0.17
2011-02-28,0.18
2011-03-01,0.17
2011-03-02,0.17
2011-03-03,0.20
2011-03-04,0.16
2011-03-07,0.18
2011-03-08,0.18
2011-03-09,0.16
2011-03-10,0.18
2011-03-11,0.18
2011-03-14,0.16
2011-03-15,0.18
2011-03-16,0.21
2011-03-17,0.16
2011-03-18,0.16
2011-03-21,0.16
2011-03-22,0.18
2011-03-23,0.15
2011-03-24,0.14
2011-03-25,0.15
2011-03-28,0.17
2011-03-29,0.16
2011-03-30,0.14
2011-03-31,0.15
2011-04-01,0.15
2011-04-04,0.14
2011-04-05,0.14
2011-04-06,0.16
2011-04-07,0.19
2011-04-08,0.21
2011-04-11,0.15
2011-04-12,0.14
2011-04-13,0.14
2011-04-14,0.13
2011-04-15,0.15
2011-04-18,0.16
2011-04-19,0.13
2011-04-20,0.13
2011-04-21,0.14
2011-04-22,ND
2011-04-25,0.13
2011-04-26,0.14
2011-04-27,0.12
2011-04-28,0.12
2011-04-29,0.09
2011-05-02,0.13
2011-05-03,0.11
2011-05-04,0.13
2011-05-05,0.13
2011-05-06,0.11
2011-05-09,0.12
2011-05-10,0.12
2011-05-11,0.11
2011-05-12,0.11
2011-05-13,0.13
2011-05-16,0.11
2011-05-17,0.12
2011-05-18,0.11
2011-05-19,0.11
2011-05-20,0.12
2011-05-23,0.12
2011-05-24,0.11
2011-05-25,0.12
2011-05-26,0.11
2011-05-27,0.11
2011-05-30,ND
2011-05-31,0.12
2011-06-01,0.11
2011-06-02,0.13
2011-06-03,0.11
2011-06-06,0.12
2011-06-07,0.13
2011-06-08,0.11
2011-06-09,0.11
2011-06-10,0.11
2011-06-13,0.13
2011-06-14,0.11
2011-06-15,0.15
2011-06-16,0.10
2011-06-17,0.11
2011-06-20,0.09
2011-06-21,0.09
2011-06-22,0.08
2011-06-23,0.13
2011-06-24,0.07
2011-06-27,0.10
2011-06-28,0.05
2011-06-29,0.07
2011-06-30,0.11
2011-07-01,0.07
2011-07-04,ND
2011-07-05,0.08
2011-07-06,0.08
2011-07-07,0.12
2011-07-08,0.10
2011-07-11,0.08
2011-07-12,0.10
2011-07-13,0.11
2011-07-14,0.09
2011-07-15,0.08
2011-07-18,0.10
2011-07-19,0.11
2011-07-20,0.09
2011-07-21,0.10
2011-07-22,0.08
2011-07-25,0.10
2011-07-26,0.09
2011-07-27,0.10
2011-07-28,0.08
2011-07-29,0.10
2011-08-01,0.11
2011-08-02,0.15
2011-08-03,0.15
2011-08-04,0.16
2011-08-05,0.11
2011-08-08,0.09
2011-08-09,0.10
2011-08-10,0.13
2011-08-11,0.12
2011-08-12,0.12
2011-08-15,0.15
2011-08-16,0.13
2011-08-17,0.15
2011-08-18,0.14
2011-08-19,0.13
2011-08-22,0.13
2011-08-23,0.11
2011-08-24,0.05
2011-08-25,0.14
2011-08-26,0.11
2011-08-29,0.14
2011-08-30,0.16
2011-08-31,0.15
2011-09-01,0.13
2011-09-02,0.16
2011-09-05,ND
2011-09-06,0.12
2011-09-07,0.09
2011-09-08,0.11
2011-09-09,0.09
2011-09-12,0.09
2011-09-13,0.15
2011-09-14,0.11
2011-09-15,0.15
2011-09-16,0.17
2011-09-19,0.07
2011-09-20,0.05
2011-09-21,0.05
2011-09-22,0.12
2011-09-23,0.07
2011-09-26,0.05
2011-09-27,0.12
2011-09-28,0.10
2011-09-29,0.12
2011-09-30,0.06
2011-10-03,0.16
2011-10-04,0.10
2011-10-05,0.14
2011-10-06,0.14
2011-10-07,0.10
2011-10-10,ND
2011-10-11,0.10
2011-10-12,0.10
2011-10-13,0.12
2011-10-14,0.09
2011-10-17,0.14
2011-10-18,0.09
2011-10-19,0.10
2011-10-20,0.08
2011-10-21,0.14
2011-10-24,0.09
2011-10-25,0.09
2011-10-26,0.10
2011-10-27,0.10
2011-10-28,0.10
2011-10-31,0.11
2011-11-01,0.11
2011-11-02,0.05
2011-11-03,0.12
2011-11-04,0.12
2011-11-07,0.06
2011-11-08,0.09
2011-11-09,0.09
2011-11-10,0.07
2011-11-11,ND
2011-11-14,0.10
2011-11-15,0.11
2011-11-16,0.11
2011-11-17,0.16
2011-11-18,0.09
2011-11-21,0.10
2011-11-22,0.08
2011-11-23,0.10
2011-11-24,ND
2011-11-25,0.03
2011-11-28,0.05
2011-11-29,0.08
2011-11-30,0.08
2011-12-01,0.11
2011-12-02,0.05
2011-12-05,0.05
2011-12-06,0.05
2011-12-07,0.05
2011-12-08,0.13
2011-12-09,0.15
2011-12-12,0.04
2011-12-13,0.04
2011-12-14,0.03
2011-12-15,0.08
2011-12-16,0.03
2011-12-19,0.03
2011-12-20,0.03
2011-12-21,0.05
2011-12-22,0.20
2011-12-23,0.04
2011-12-26,ND
2011-12-27,0.03
2011-12-28,0.02
2011-12-29,0.03
2011-12-30,0.03
2012-01-02,ND
2012-01-03,0.07
2012-01-04,0.07
2012-01-05,0.03
2012-01-06,0.03
2012-01-09,ND
2012-01-10,0.02
2012-01-11,0.04
2012-01-12,ND
2012-01-13,0.04
2012-01-16,ND
2012-01-17,0.03
2012-01-18,0.05
2012-01-19,ND
2012-01-20,ND
2012-01-23,0.12
2012-01-24,0.11
2012-01-25,ND
2012-01-26,0.12
2012-01-27,ND
2012-01-30,ND
2012-01-31,ND
2012-02-01,0.04
2012-02-02,0.03
2012-02-03,ND
2012-02-06,0.08
2012-02-07,0.09
2012-02-08,0.04
2012-02-09,0.06
2012-02-10,0.11
2012-02-13,ND
2012-02-14,0.12
2012-02-15,0.11
2012-02-16,0.14
2012-02-17,ND
2012-02-20,ND
2012-02-21,0.08
2012-02-22,0.10
2012-02-23,0.11
2012-02-24,0.11
2012-02-27,0.05
2012-02-28,0.08
2012-02-29,0.11
2012-03-01,0.05
2012-03-02,0.06
2012-03-05,0.05
2012-03-06,ND
2012-03-07,ND
2012-03-08,0.05
2012-03-09,0.10
2012-03-12,0.07
2012-03-13,0.05
2012-03-14,ND
2012-03-15,0.07
2012-03-16,0.33
2012-03-19,0.08
2012-03-20,0.30
2012-03-21,0.33
2012-03-22,0.11
2012-03-23,0.05
2012-03-26,0.11
2012-03-27,0.10
2012-03-28,0.10
2012-03-29,0.11
2012-03-30,0.09
2012-04-02,0.06
2012-04-03,0.03
2012-04-04,ND
2012-04-05,0.10
2012-04-06,ND
2012-04-09,ND
2012-04-10,0.10
2012-04-11,0.12
2012-04-12,0.11
2012-04-13,0.06
2012-04-16,0.16
2012-04-17,0.14
2012-04-18,0.10
2012-04-19,ND
2012-04-20,0.07
2012-04-23,0.17
2012-04-24,0.05
2012-04-25,0.14
2012-04-26,ND
2012-04-27,ND
2012-04-30,0.12
2012-05-01,0.11
2012-05-02,0.13
2012-05-03,0.11
2012-05-04,0.11
2012-05-07,0.12
2012-05-08,0.11
2012-05-09,0.11
2012-05-10,0.12
2012-05-11,0.13
2012-05-14,0.11
2012-05-15,0.12
2012-05-16,0.14
2012-05-17,0.16
2012-05-18,0.09
2012-05-21,0.13
2012-05-22,0.13
2012-05-23,0.14
2012-05-24,0.13
2012-05-25,0.13
2012-05-28,ND
2012-05-29,0.11
2012-05-30,0.14
2012-05-31,0.13
2012-06-01,0.16
2012-06-04,0.12
2012-06-05,0.14
2012-06-06,0.11
2012-06-07,0.12
2012-06-08,0.14
2012-06-11,0.13
2012-06-12,0.10
2012-06-13,0.10
2012-06-14,0.19
2012-06-15,0.14
2012-06-18,0.16
2012-06-19,0.14
2012-06-20,0.15
2012-06-21,0.14
2012-06-22,0.13
2012-06-25,0.12
2012-06-26,0.16
2012-06-27,0.09
2012-06-28,0.12
2012-06-29,0.10
2012-07-02,0.10
2012-07-03,ND
2012-07-04,ND
2012-07-05,0.13
2012-07-06,0.10
2012-07-09,0.14
2012-07-10,0.12
2012-07-11,0.10
2012-07-12,0.10
2012-07-13,ND
2012-07-16,0.15
2012-07-17,0.11
2012-07-18,0.12
2012-07-19,0.11
2012-07-20,0.12
2012-07-23,0.26
2012-07-24,0.13
2012-07-25,0.10
2012-07-26,0.13
2012-07-27,0.11
2012-07-30,0.12
2012-07-31,0.15
2012-08-01,0.15
2012-08-02,0.14
2012-08-03,0.13
2012-08-06,0.13
2012-08-07,0.13
2012-08-08,0.14
2012-08-09,0.15
2012-08-10,0.15
2012-08-13,0.16
2012-08-14,0.13
2012-08-15,0.13
2012-08-16,0.14
2012-08-17,0.13
2012-08-20,0.15
2012-08-21,0.15
2012-08-22,0.15
2012-08-23,0.14
2012-08-24,0.13
2012-08-27,0.13
2012-08-28,0.13
2012-08-29,0.12
2012-08-30,0.14
2012-08-31,0.14
2012-09-03,ND
2012-09-04,0.13
2012-09-05,0.12
2012-09-06,ND
2012-09-07,0.14
2012-09-10,0.14
2012-09-11,0.13
2012-09-12,0.12
2012-09-13,0.13
2012-09-14,0.09
2012-09-17,0.12
2012-09-18,0.12
2012-09-19,0.12
2012-09-20,0.12
2012-09-21,0.10
2012-09-24,0.09
2012-09-25,0.10
2012-09-26,0.09
2012-09-27,0.09
2012-09-28,0.07
2012-10-01,0.09
2012-10-02,0.10
2012-10-03,0.11
2012-10-04,0.13
2012-10-05,0.13
2012-10-08,ND
2012-10-09,0.11
2012-10-10,0.12
2012-10-11,0.11
2012-10-12,0.07
2012-10-15,0.13
2012-10-16,0.11
2012-10-17,0.15
2012-10-18,0.12
2012-10-19,ND
2012-10-22,0.13
2012-10-23,0.14
2012-10-24,0.14
2012-10-25,0.14
2012-10-26,0.15
2012-10-29,0.15
2012-10-30,0.15
2012-10-31,0.14
2012-11-01,0.13
2012-11-02,0.15
2012-11-05,0.16
2012-11-06,0.17
2012-11-07,0.15
2012-11-08,0.16
2012-11-09,0.14
2012-11-12,ND
2012-11-13,0.16
2012-11-14,0.16
2012-11-15,0.15
2012-11-16,0.16
2012-11-19,0.15
2012-11-20,0.15
2012-11-21,0.16
2012-11-22,ND
2012-11-23,ND
2012-11-26,0.17
2012-11-27,0.15
2012-11-28,0.15
2012-11-29,0.16
2012-11-30,0.16
2012-12-03,0.12
2012-12-04,0.12
2012-12-05,0.08
2012-12-06,0.12
2012-12-07,0.12
2012-12-10,0.13
2012-12-11,0.12
2012-12-12,0.12
2012-12-13,0.10
2012-12-14,0.09
2012-12-17,0.05
2012-12-18,0.07
2012-12-19,0.06
2012-12-20,0.07
2012-12-21,0.10
2012-12-24,0.12
2012-12-25,ND
2012-12-26,0.13
2012-12-27,0.11
2012-12-28,0.05
2012-12-31,0.05
2013-01-01,ND
2013-01-02,0.12
2013-01-03,0.12
2013-01-04,0.11
2013-01-07,0.12
2013-01-08,0.12
2013-01-09,0.10
2013-01-10,0.13
2013-01-11,0.11
2013-01-14,0.11
2013-01-15,0.10
2013-01-16,ND
2013-01-17,0.14
2013-01-18,0.10
2013-01-21,ND
2013-01-22,0.09
2013-01-23,0.13
2013-01-24,0.12
2013-01-25,0.13
2013-01-28,0.11
2013-01-29,0.08
2013-01-30,ND
2013-01-31,0.09
2013-02-01,ND
2013-02-04,0.11
2013-02-05,0.10
2013-02-06,0.13
2013-02-07,0.10
2013-02-08,ND
2013-02-11,0.09
2013-02-12,0.09
2013-02-13,ND
2013-02-14,ND
2013-02-15,0.09
2013-02-18,ND
2013-02-19,0.11
2013-02-20,0.10
2013-02-21,0.22
2013-02-22,0.12
2013-02-25,ND
2013-02-26,ND
2013-02-27,0.05
2013-02-28,0.10
2013-03-01,0.10
2013-03-04,0.12
2013-03-05,0.11
2013-03-06,0.11
2013-03-07,0.10
2013-03-08,0.12
2013-03-11,0.11
2013-03-12,0.13
2013-03-13,0.10
2013-03-14,0.08
2013-03-15,0.07
2013-03-18,0.11
2013-03-19,0.06
2013-03-20,0.11
2013-03-21,0.17
2013-03-22,0.13
2013-03-25,0.11
2013-03-26,0.12
2013-03-27,0.11
2013-03-28,0.08
2013-03-29,ND
2013-04-01,0.07
2013-04-02,0.11
2013-04-03,0.11
2013-04-04,0.09
2013-04-05,0.10
2013-04-08,0.12
2013-04-09,0.10
2013-04-10,0.10
2013-04-11,0.11
2013-04-12,0.10
2013-04-15,0.15
2013-04-16,0.10
2013-04-17,0.09
2013-04-18,0.08
2013-04-19,0.10
2013-04-22,0.10
2013-04-23,0.10
2013-04-24,0.05
2013-04-25,0.10
2013-04-26,0.10
2013-04-29,0.09
2013-04-30,0.08
2013-05-01,0.09
2013-05-02,0.11
2013-05-03,0.11
2013-05-06,0.11
2013-05-07,0.11
2013-05-08,0.11
2013-05-09,0.09
2013-05-10,0.09
2013-05-13,0.10
2013-05-14,0.09
2013-05-15,0.09
2013-05-16,0.09
2013-05-17,0.09
2013-05-20,0.07
2013-05-21,0.09
2013-05-22,0.09
2013-05-23,0.07
2013-05-24,0.08
2013-05-27,ND
2013-05-28,0.09
2013-05-29,0.06
2013-05-30,0.07
2013-05-31,ND
2013-06-03,0.07
2013-06-04,0.07
2013-06-05,0.05
2013-06-06,ND
2013-06-07,0.07
2013-06-10,ND
2013-06-11,0.05
2013-06-12,0.07
2013-06-13,ND
2013-06-14,0.07
2013-06-17,0.07
2013-06-18,0.08
2013-06-19,0.08
2013-06-20,0.08
2013-06-21,0.07
2013-06-24,0.08
2013-06-25,0.07
2013-06-26,0.07
2013-06-27,0.10
2013-06-28,0.06
2013-07-01,0.09
2013-07-02,0.07
2013-07-03,0.09
2013-07-04,ND
2013-07-05,0.10
2013-07-08,0.09
2013-07-09,0.10
2013-07-10,0.08
2013-07-11,0.07
2013-07-12,0.07
2013-07-15,0.08
2013-07-16,0.08
2013-07-17,0.06
2013-07-18,0.06
2013-07-19,0.07
2013-07-22,0.05
2013-07-23,0.14
2013-07-24,0.08
2013-07-25,0.03
2013-07-26,0.07
2013-07-29,0.07
2013-07-30,0.07
2013-07-31,0.05
2013-08-01,0.05
2013-08-02,0.05
2013-08-05,0.06
2013-08-06,0.06
2013-08-07,0.06
2013-08-08,0.09
2013-08-09,0.07
2013-08-12,0.07
2013-08-13,0.07
2013-08-14,0.06
2013-08-15,0.15
2013-08-16,0.07
2013-08-19,0.09
2013-08-20,0.06
2013-08-21,0.07
2013-08-22,0.06
2013-08-23,0.05
2013-08-26,0.05
2013-08-27,0.05
2013-08-28,0.04
2013-08-29,0.14
2013-08-30,0.06
2013-09-02,ND
2013-09-03,0.06
2013-09-04,ND
2013-09-05,0.05
2013-09-06,0.07
2013-09-09,0.06
2013-09-10,0.15
2013-09-11,0.07
2013-09-12,0.07
2013-09-13,0.06
2013-09-16,0.06
2013-09-17,0.05
2013-09-18,0.05
2013-09-19,0.05
2013-09-20,0.05
2013-09-23,0.10
2013-09-24,0.06
2013-09-25,0.04
2013-09-26,0.06
2013-09-27,0.04
2013-09-30,0.05
2013-10-01,ND
2013-10-02,ND
2013-10-03,ND
2013-10-04,0.15
2013-10-07,0.15
2013-10-08,0.09
2013-10-09,0.08
2013-10-10,0.21
2013-10-11,0.07
2013-10-14,ND
2013-10-15,0.13
2013-10-16,0.21
2013-10-17,0.08
2013-10-18,0.08
2013-10-21,0.07
2013-10-22,0.06
2013-10-23,0.06
2013-10-24,0.08
2013-10-25,0.07
2013-10-28,0.05
2013-10-29,0.06
2013-10-30,0.05
2013-10-31,0.05
2013-11-01,0.04
2013-11-04,0.13
2013-11-05,0.05
2013-11-06,0.06
2013-11-07,0.06
2013-11-08,0.07
2013-11-11,ND
2013-11-12,0.08
2013-11-13,0.07
2013-11-14,0.08
2013-11-15,0.09
2013-11-18,0.07
2013-11-19,0.06
2013-11-20,0.06
2013-11-21,0.07
2013-11-22,0.11
2013-11-25,0.06
2013-11-26,0.05
2013-11-27,0.09
2013-11-28,ND
2013-11-29,0.06
2013-12-02,0.07
2013-12-03,0.08
2013-12-04,0.08
2013-12-05,0.08
2013-12-06,0.07
2013-12-09,ND
2013-12-10,0.06
2013-12-11,0.06
2013-12-12,0.07
2013-12-13,ND
2013-12-16,0.05
2013-12-17,0.09
2013-12-18,0.06
2013-12-19,0.06
2013-12-20,0.07
2013-12-23,0.12
2013-12-24,0.04
2013-12-25,ND
2013-12-26,0.05
2013-12-27,ND
2013-12-30,0.06
2013-12-31,0.08
2014-01-01,ND
2014-01-02,0.05
2014-01-03,0.05
2014-01-06,0.07
2014-01-07,0.07
2014-01-08,0.13
2014-01-09,0.08
2014-01-10,0.06
2014-01-13,0.06
2014-01-14,0.06
2014-01-15,ND
2014-01-16,0.08
2014-01-17,ND
2014-01-20,ND
2014-01-21,0.07
2014-01-22,ND
2014-01-23,ND
2014-01-24,0.07
2014-01-27,0.04
2014-01-28,0.07
2014-01-29,ND
2014-01-30,ND
2014-01-31,ND
2014-02-03,ND
2014-02-04,ND
2014-02-05,ND
2014-02-06,0.11
2014-02-07,ND
2014-02-10,0.06
2014-02-11,0.08
2014-02-12,0.08
2014-02-13,0.06
2014-02-14,0.06
2014-02-17,ND
2014-02-18,0.07
2014-02-19,0.05
2014-02-20,0.07
2014-02-21,0.08
2014-02-24,0.05
2014-02-25,0.06
2014-02-26,0.05
2014-02-27,0.07
2014-02-28,0.06
2014-03-03,0.07
2014-03-04,0.05
2014-03-05,0.06
2014-03-06,0.09
2014-03-07,ND
2014-03-10,0.06
2014-03-11,0.08
2014-03-12,0.08
2014-03-13,0.07
2014-03-14,ND
2014-03-17,0.07
2014-03-18,ND
2014-03-19,0.08
2014-03-20,0.06
2014-03-21,0.08
2014-03-24,0.07
2014-03-25,0.06
2014-03-26,0.07
2014-03-27,0.06
2014-03-28,0.06
2014-03-31,0.07
2014-04-01,0.09
2014-04-02,0.08
2014-04-03,0.08
2014-04-04,0.07
2014-04-07,0.07
2014-04-08,ND
2014-04-09,0.06
2014-04-10,0.07
2014-04-11,0.06
2014-04-14,ND
2014-04-15,0.13
2014-04-16,0.08
2014-04-17,0.06
2014-04-18,ND
2014-04-21,0.08
2014-04-22,0.05
2014-04-23,0.05
2014-04-24,0.05
2014-04-25,0.06
2014-04-28,0.06
2014-04-29,0.06
2014-04-30,0.08
2014-05-01,0.08
2014-05-02,ND
2014-05-05,0.09
2014-05-06,0.08
2014-05-07,0.06
2014-05-08,0.08
2014-05-09,0.08
2014-05-12,0.06
2014-05-13,0.08
2014-05-14,0.07
2014-05-15,0.11
2014-05-16,0.09
2014-05-19,0.06
2014-05-20,0.05
2014-05-21,0.07
2014-05-22,0.05
2014-05-23,0.05
2014-05-26,ND
2014-05-27,0.06
2014-05-28,ND
2014-05-29,0.07
2014-05-30,0.04
2014-06-02,0.09
2014-06-03,0.11
2014-06-04,0.06
2014-06-05,0.05
2014-06-06,0.09
2014-06-09,0.08
2014-06-10,0.05
2014-06-11,0.09
2014-06-12,ND
2014-06-13,0.07
2014-06-16,0.08
2014-06-17,0.08
2014-06-18,0.06
2014-06-19,0.05
2014-06-20,0.06
2014-06-23,0.07
2014-06-24,0.05
2014-06-25,0.05
2014-06-26,0.08
2014-06-27,0.06
2014-06-30,0.06
2014-07-01,0.07
2014-07-02,0.10
2014-07-03,ND
2014-07-04,ND
2014-07-07,0.08
2014-07-08,ND
2014-07-09,0.07
2014-07-10,0.10
2014-07-11,0.09
2014-07-14,0.06
2014-07-15,0.05
2014-07-16,0.12
2014-07-17,0.10
2014-07-18,ND
2014-07-21,0.06
2014-07-22,0.09
2014-07-23,0.08
2014-07-24,0.10
2014-07-25,0.09
2014-07-28,0.09
2014-07-29,0.08
2014-07-30,0.07
2014-07-31,0.06
2014-08-01,0.08
2014-08-04,0.11
2014-08-05,0.08
2014-08-06,ND
2014-08-07,0.12
2014-08-08,0.08
2014-08-11,0.13
2014-08-12,0.07
2014-08-13,ND
2014-08-14,0.09
2014-08-15,ND
2014-08-18,0.10
2014-08-19,0.07
2014-08-20,0.09
2014-08-21,0.09
2014-08-22,0.09
2014-08-25,0.09
2014-08-26,0.07
2014-08-27,0.07
2014-08-28,0.08
2014-08-29,0.07
2014-09-01,ND
2014-09-02,0.07
2014-09-03,0.08
2014-09-04,0.10
2014-09-05,ND
2014-09-08,0.12
2014-09-09,0.07
2014-09-10,0.13
2014-09-11,0.09
2014-09-12,ND
2014-09-15,0.10
2014-09-16,0.08
2014-09-17,0.08
2014-09-18,0.09
2014-09-19,0.08
2014-09-22,0.12
2014-09-23,0.08
2014-09-24,ND
2014-09-25,ND
2014-09-26,0.08
2014-09-29,ND
2014-09-30,0.06
2014-10-01,0.07
2014-10-02,0.08
2014-10-03,0.08
2014-10-06,0.08
2014-10-07,0.08
2014-10-08,0.09
2014-10-09,0.09
2014-10-10,0.13
2014-10-13,ND
2014-10-14,ND
2014-10-15,ND
2014-10-16,0.10
2014-10-17,0.07
2014-10-20,ND
2014-10-21,0.08
2014-10-22,0.10
2014-10-23,0.10
2014-10-24,0.07
2014-10-27,0.07
2014-10-28,0.07
2014-10-29,ND
2014-10-30,ND
2014-10-31,0.07
2014-11-03,0.09
2014-11-04,0.07
2014-11-05,0.08
2014-11-06,0.08
2014-11-07,0.13
2014-11-10,ND
2014-11-11,ND
2014-11-12,0.08
2014-11-13,0.08
2014-11-14,ND
2014-11-17,0.10
2014-11-18,ND
2014-11-19,ND
2014-11-20,0.09
2014-11-21,0.10
2014-11-24,ND
2014-11-25,0.09
2014-11-26,0.08
2014-11-27,ND
2014-11-28,ND
2014-12-01,ND
2014-12-02,0.11
2014-12-03,ND
2014-12-04,ND
2014-12-05,0.11
2014-12-08,0.12
2014-12-09,0.12
2014-12-10,0.11
2014-12-11,0.12
2014-12-12,0.12
2014-12-15,ND
2014-12-16,0.09
2014-12-17,0.09
2014-12-18,ND
2014-12-19,0.09
2014-12-22,0.12
2014-12-23,0.11
2014-12-24,0.10
2014-12-25,ND
2014-12-26,ND
2014-12-29,0.10
2014-12-30,ND
2014-12-31,ND
2015-01-01,ND
2015-01-02,0.12
2015-01-05,ND
2015-01-06,ND
2015-01-07,0.12
2015-01-08,0.15
2015-01-09,ND
2015-01-12,ND
2015-01-13,ND
2015-01-14,0.13
2015-01-15,ND
2015-01-16,0.14
2015-01-19,ND
2015-01-20,0.10
2015-01-21,0.10
2015-01-22,ND
2015-01-23,0.10
2015-01-26,ND
2015-01-27,0.10
2015-01-28,ND
2015-01-29,ND
2015-01-30,ND
2015-02-02,ND
2015-02-03,0.10
2015-02-04,ND
2015-02-05,ND
2015-02-06,ND
2015-02-09,0.10
2015-02-10,0.10
2015-02-11,0.10
2015-02-12,0.10
2015-02-13,0.09
2015-02-16,ND
2015-02-17,0.11
2015-02-18,0.09
2015-02-19,ND
2015-02-20,ND
2015-02-23,0.09
2015-02-24,0.10
2015-02-25,ND
2015-02-26,0.09
2015-02-27,0.09
2015-03-02,0.10
2015-03-03,0.09
2015-03-04,ND
2015-03-05,0.08
2015-03-06,ND
2015-03-09,0.09
2015-03-10,0.10
2015-03-11,0.10
2015-03-12,0.10
2015-03-13,ND
2015-03-16,0.08
2015-03-17,0.09
2015-03-18,0.09
2015-03-19,0.08
2015-03-20,0.09
2015-03-23,0.08
2015-03-24,0.09
2015-03-25,0.09
2015-03-26,ND
2015-03-27,0.09
2015-03-30,ND
2015-03-31,ND
2015-04-01,0.08
2015-04-02,ND
2015-04-03,ND
2015-04-06,0.09
2015-04-07,0.08
2015-04-08,ND
2015-04-09,0.09
2015-04-10,0.10
2015-04-13,0.07
2015-04-14,0.08
2015-04-15,0.09
2015-04-16,0.10
2015-04-17,0.07
2015-04-20,0.10
2015-04-21,ND
2015-04-22,0.07
2015-04-23,0.09
2015-04-24,0.10
2015-04-27,0.09
2015-04-28,0.07
2015-04-29,0.08
2015-04-30,0.06
2015-05-01,0.01
2015-05-04,0.07
2015-05-05,0.07
2015-05-06,0.08
2015-05-07,0.08
2015-05-08,0.09
2015-05-11,0.10
2015-05-12,0.08
2015-05-13,0.10
2015-05-14,0.09
2015-05-15,0.10
2015-05-18,0.10
2015-05-19,0.09
2015-05-20,0.08
2015-05-21,0.08
2015-05-22,0.15
2015-05-25,ND
2015-05-26,ND
2015-05-27,0.09
2015-05-28,0.08
2015-05-29,0.10
2015-06-01,0.09
2015-06-02,0.09
2015-06-03,0.09
2015-06-04,0.13
2015-06-05,0.10
2015-06-08,0.12
2015-06-09,0.10
2015-06-10,0.12
2015-06-11,0.11
2015-06-12,0.10
2015-06-15,0.10
2015-06-16,0.11
2015-06-17,0.11
2015-06-18,0.11
2015-06-19,0.12
2015-06-22,0.15
2015-06-23,0.11
2015-06-24,0.10
2015-06-25,0.12
2015-06-26,0.08
2015-06-29,0.11
2015-06-30,0.08
2015-07-01,0.09
2015-07-02,0.11
2015-07-03,ND
2015-07-06,0.09
2015-07-07,0.12
2015-07-08,ND
2015-07-09,ND
2015-07-10,0.11
2015-07-13,0.11
2015-07-14,0.15
2015-07-15,0.10
2015-07-16,0.11
2015-07-17,0.11
2015-07-20,0.11
2015-07-21,0.11
2015-07-22,0.12
2015-07-23,0.10
2015-07-24,0.12
2015-07-27,0.07
2015-07-28,0.07
2015-07-29,0.12
2015-07-30,0.11
2015-07-31,0.11
2015-08-03,0.09
2015-08-04,0.11
2015-08-05,0.09
2015-08-06,0.11
2015-08-07,0.13
2015-08-10,0.11
2015-08-11,0.14
2015-08-12,0.15
2015-08-13,0.12
2015-08-14,0.18
2015-08-17,0.12
2015-08-18,0.12
2015-08-19,0.18
2015-08-20,0.17
2015-08-21,0.11
2015-08-24,0.13
2015-08-25,0.13
2015-08-26,0.18
2015-08-27,0.14
2015-08-28,ND
2015-08-31,0.11
2015-09-01,0.13
2015-09-02,ND
2015-09-03,ND
2015-09-04,ND
2015-09-07,ND
2015-09-08,0.15
2015-09-09,0.13
2015-09-10,0.15
2015-09-11,ND
2015-09-14,0.15
2015-09-15,0.22
2015-09-16,ND
2015-09-17,ND
2015-09-18,0.15
2015-09-21,0.18
2015-09-22,0.12
2015-09-23,0.16
2015-09-24,0.14
2015-09-25,0.14
2015-09-28,ND
2015-09-29,0.13
2015-09-30,ND
2015-10-01,0.10
2015-10-02,0.15
2015-10-05,0.14
2015-10-06,0.15
2015-10-07,0.10
2015-10-08,0.13
2015-10-09,ND
2015-10-12,ND
2015-10-13,0.14
2015-10-14,ND
2015-10-15,ND
2015-10-16,0.12
2015-10-19,ND
2015-10-20,0.15
2015-10-21,0.13
2015-10-22,0.14
2015-10-23,0.12
2015-10-26,ND
2015-10-27,0.12
2015-10-28,ND
2015-10-29,ND
2015-10-30,ND
2015-11-02,0.14
2015-11-03,ND
2015-11-04,ND
2015-11-05,0.12
2015-11-06,0.12
2015-11-09,0.12
2015-11-10,0.12
2015-11-11,ND
2015-11-12,0.13
2015-11-13,0.12
2015-11-16,0.13
2015-11-17,ND
2015-11-18,ND
2015-11-19,0.14
2015-11-20,0.14
2015-11-23,0.16
2015-11-24,0.12
2015-11-25,ND
2015-11-26,ND
2015-11-27,0.15
2015-11-30,ND
2015-12-01,0.15
2015-12-02,0.19
2015-12-03,0.17
2015-12-04,ND
2015-12-07,0.24
2015-12-08,ND
2015-12-09,0.23
2015-12-10,0.23
2015-12-11,ND
2015-12-14,0.30
2015-12-15,0.32
2015-12-16,0.35
2015-12-17,0.35
2015-12-18,0.39
2015-12-21,ND
2015-12-22,0.37
2015-12-23,0.39
2015-12-24,0.39
2015-12-25,ND
2015-12-28,ND
2015-12-29,ND
2015-12-30,ND
2015-12-31,0.40
2016-01-01,ND
2016-01-04,0.41
2016-01-05,0.40
2016-01-06,0.35
2016-01-07,0.39
2016-01-08,0.39
2016-01-11,ND
2016-01-12,0.33
2016-01-13,0.34
2016-01-14,0.36
2016-01-15,ND
2016-01-18,ND
2016-01-19,0.38
2016-01-20,0.38
2016-01-21,0.37
2016-01-22,0.41
2016-01-25,0.42
2016-01-26,0.41
2016-01-27,0.33
2016-01-28,0.40
2016-01-29,ND
2016-02-01,0.40
2016-02-02,0.41
2016-02-03,0.39
2016-02-04,0.40
2016-02-05,0.42
2016-02-08,0.41
2016-02-09,ND
2016-02-10,0.43
2016-02-11,0.39
2016-02-12,0.41
2016-02-15,ND
2016-02-16,0.40
2016-02-17,0.43
2016-02-18,0.40
2016-02-19,0.41
2016-02-22,0.41
2016-02-23,0.44
2016-02-24,0.42
2016-02-25,0.43
2016-02-26,0.42
2016-02-29,ND
2016-03-01,0.40
2016-03-02,0.43
2016-03-03,0.37
2016-03-04,0.42
2016-03-07,0.34
2016-03-08,0.40
2016-03-09,0.39
2016-03-10,0.42
2016-03-11,0.40
2016-03-14,0.43
2016-03-15,0.42
2016-03-16,0.40
2016-03-17,0.41
2016-03-18,0.41
2016-03-21,0.43
2016-03-22,0.34
2016-03-23,0.43
2016-03-24,0.41
2016-03-25,ND
2016-03-28,0.39
2016-03-29,0.43
2016-03-30,0.44
2016-03-31,ND
2016-04-01,0.39
2016-04-04,0.44
2016-04-05,0.44
2016-04-06,0.36
2016-04-07,0.43
2016-04-08,ND
2016-04-11,ND
2016-04-12,0.44
2016-04-13,ND
2016-04-14,0.32
2016-04-15,0.36
2016-04-18,0.36
2016-04-19,0.44
2016-04-20,0.39
2016-04-21,0.44
2016-04-22,0.43
2016-04-25,0.44
2016-04-26,0.44
2016-04-27,0.44
2016-04-28,0.43
2016-04-29,0.34
2016-05-02,ND
2016-05-03,0.44
2016-05-04,0.43
2016-05-05,0.33
2016-05-06,ND
2016-05-09,ND
2016-05-10,0.32
2016-05-11,0.37
2016-05-12,0.43
2016-05-13,ND
2016-05-16,ND
2016-05-17,0.28
2016-05-18,0.39
2016-05-19,0.42
2016-05-20,ND
2016-05-23,0.44
2016-05-24,0.32
2016-05-25,ND
2016-05-26,0.43
2016-05-27,ND
2016-05-30,ND
2016-05-31,0.36
2016-06-01,0.43
2016-06-02,0.34
2016-06-03,0.35
2016-06-06,ND
2016-06-07,0.34
2016-06-08,0.44
2016-06-09,0.33
2016-06-10,0.34
2016-06-13,0.44
2016-06-14,0.40
2016-06-15,0.35
2016-06-16,0.44